Aceite oliva Virgen Extra Esp anual;Aceite oliva Virgen Esp anual;Aceite oliva Lampante Esp anual;Fecha;IPC mensual m-m;IPC anual a-a;Ind Prec Agri trimestral t-t;Aceite de oliva Lampante;Aceite de oliva Virgen;Aceite de oliva Virgen Extra
315.94;291.65;272.83;20150101;;-0.6;NA;;;
315.94;291.65;272.83;20150102;;-0.6;NA;2,504 ;2,629 ;2,824 
315.94;291.65;272.83;20150103;;-0.6;NA;;;
315.94;291.65;272.83;20150104;;-0.6;NA;;;
315.94;291.65;272.83;20150105;;-0.6;NA;2,504 ;2,659 ;2,824 
315.94;291.65;272.83;20150106;;-0.6;NA;;;
315.94;291.65;272.83;20150107;;-0.6;NA;2,524 ;2,704 ;Sin cotización
315.94;291.65;272.83;20150108;;-0.6;NA;2,544 ;2,684 ;2,884 
315.94;291.65;272.83;20150109;;-0.6;NA;2,554 ;2,734 ;Sin cotización
315.94;291.65;272.83;20150110;;-0.6;NA;;;
315.94;291.65;272.83;20150111;;-0.6;NA;;;
315.94;291.65;272.83;20150112;;-0.6;NA;2,554 ;2,704 ;Sin cotización
315.94;291.65;272.83;20150113;;-0.6;NA;2,644 ;2,809 ;3,005 
315.94;291.65;272.83;20150114;;-0.6;NA;2,689 ;2,839 ;3,005 
315.94;291.65;272.83;20150115;;-0.6;NA;2,727 ;2,854 ;2,975 
315.94;291.65;272.83;20150116;;-0.6;NA;2,719 ;2,869 ;3,005 
315.94;291.65;272.83;20150117;;-0.6;NA;;;
315.94;291.65;272.83;20150118;;-0.6;NA;;;
315.94;291.65;272.83;20150119;;-0.6;NA;2,724 ;2,864 ;3,005 
315.94;291.65;272.83;20150120;;-0.6;NA;2,704 ;2,824 ;3,005 
315.94;291.65;272.83;20150121;;-0.6;NA;2,689 ;2,836 ;3,005 
315.94;291.65;272.83;20150122;;-0.6;NA;2,704 ;2,839 ;3,005 
315.94;291.65;272.83;20150123;;-0.6;NA;2,688 ;2,830 ;3,005 
315.94;291.65;272.83;20150124;;-0.6;NA;;;
315.94;291.65;272.83;20150125;;-0.6;NA;;;
315.94;291.65;272.83;20150126;;-0.6;NA;2,689 ;2,884 ;3,005 
315.94;291.65;272.83;20150127;;-0.6;NA;2,674 ;2,854 ;3,005 
315.94;291.65;272.83;20150128;;-0.6;NA;2,688 ;2,817 ;3,083 
315.94;291.65;272.83;20150129;;-0.6;NA;2,689 ;2,839 ;3,155 
315.94;291.65;272.83;20150130;;-0.6;NA;2,689 ;2,817 ;3,162 
315.94;291.65;272.83;20150131;;-0.6;NA;;;
315.94;291.65;272.83;20150201;;-0.6;NA;;;
315.94;291.65;272.83;20150202;;-0.6;NA;2,686 ;2,839 ;3,162 
315.94;291.65;272.83;20150203;;-0.6;NA;2,684 ;2,854 ;3,185 
315.94;291.65;272.83;20150204;;-0.6;NA;2,689 ;2,794 ;3,185 
315.94;291.65;272.83;20150205;;-0.6;NA;2,689 ;2,854 ;3,125 
315.94;291.65;272.83;20150206;;-0.6;NA;2,712 ;2,832 ;3,140 
315.94;291.65;272.83;20150207;;-0.6;NA;;;
315.94;291.65;272.83;20150208;;-0.6;NA;;;
315.94;291.65;272.83;20150209;;-0.6;NA;2,704 ;2,824 ;3,185 
315.94;291.65;272.83;20150210;;-0.6;NA;2,719 ;2,824 ;3,215 
315.94;291.65;272.83;20150211;;-0.6;NA;2,749 ;2,899 ;3,161 
315.94;291.65;272.83;20150212;;-0.6;NA;2,734 ;2,864 ;3,205 
315.94;291.65;272.83;20150213;;-0.6;NA;2,734 ;2,884 ;3,195 
315.94;291.65;272.83;20150214;;-0.6;NA;;;
315.94;291.65;272.83;20150215;;-0.6;NA;;;
315.94;291.65;272.83;20150216;;-0.6;NA;2,708 ;2,858 ;3,191 
315.94;291.65;272.83;20150217;;-0.6;NA;2,705 ;2,866 ;3,191 
315.94;291.65;272.83;20150218;;-0.6;NA;2,704 ;2,854 ;3,245 
315.94;291.65;272.83;20150219;;-0.6;NA;2,689 ;2,890 ;3,191 
315.94;291.65;272.83;20150220;;-0.6;NA;2,689 ;2,809 ;3,185 
315.94;291.65;272.83;20150221;;-0.6;NA;;;
315.94;291.65;272.83;20150222;;-0.6;NA;;;
315.94;291.65;272.83;20150223;;-0.6;NA;2,704 ;2,794 ;3,185 
315.94;291.65;272.83;20150224;;-0.6;NA;2,684 ;2,824 ;3,175 
315.94;291.65;272.83;20150225;;-0.6;NA;2,689 ;2,914 ;3,275 
315.94;291.65;272.83;20150226;;-0.6;NA;2,664 ;2,874 ;3,218 
315.94;291.65;272.83;20150227;;-0.6;NA;;;
315.94;291.65;272.83;20150228;;-0.6;NA;;;
315.94;291.65;272.83;20150301;;-0.6;NA;;;
315.94;291.65;272.83;20150302;;-0.6;NA;2,689 ;2,824 ;3,185 
315.94;291.65;272.83;20150303;;-0.6;NA;2,654 ;2,849 ;3,175 
315.94;291.65;272.83;20150304;;-0.6;NA;2,648 ;2,829 ;3,163 
315.94;291.65;272.83;20150305;;-0.6;NA;2,644 ;2,884 ;3,185 
315.94;291.65;272.83;20150306;;-0.6;NA;2,656 ;2,899 ;3,149 
315.94;291.65;272.83;20150307;;-0.6;NA;;;
315.94;291.65;272.83;20150308;;-0.6;NA;;;
315.94;291.65;272.83;20150309;;-0.6;NA;2,644 ;2,824 ;3,185 
315.94;291.65;272.83;20150310;;-0.6;NA;2,629 ;2,794 ;3,170 
315.94;291.65;272.83;20150311;;-0.6;NA;2,626 ;2,794 ;3,170 
315.94;291.65;272.83;20150312;;-0.6;NA;2,665 ;2,860 ;3,167 
315.94;291.65;272.83;20150313;;-0.6;NA;2,674 ;2,824 ;3,185 
315.94;291.65;272.83;20150314;;-0.6;NA;;;
315.94;291.65;272.83;20150315;;-0.6;NA;;;
315.94;291.65;272.83;20150316;;-0.6;NA;2,674 ;2,824 ;3,185 
315.94;291.65;272.83;20150317;;-0.6;NA;2,654 ;2,866 ;3,163 
315.94;291.65;272.83;20150318;;-0.6;NA;2,644 ;2,836 ;3,149 
315.94;291.65;272.83;20150319;;-0.6;NA;2,632 ;2,826 ;3,122 
315.94;291.65;272.83;20150320;;-0.6;NA;2,632 ;2,828 ;3,143 
315.94;291.65;272.83;20150321;;-0.6;NA;;;
315.94;291.65;272.83;20150322;;-0.6;NA;;;
315.94;291.65;272.83;20150323;;-0.6;NA;2,599 ;2,764 ;3,140 
315.94;291.65;272.83;20150324;;-0.6;NA;2,624 ;2,808 ;3,165 
315.94;291.65;272.83;20150325;;-0.6;NA;2,644 ;2,802 ;3,155 
315.94;291.65;272.83;20150326;;-0.6;NA;2,650 ;2,860 ;3,170 
315.94;291.65;272.83;20150327;;-0.6;NA;2,659 ;2,824 ;3,185 
315.94;291.65;272.83;20150328;;-0.6;NA;;;
315.94;291.65;272.83;20150329;;-0.6;NA;;;
315.94;291.65;272.83;20150330;;-0.6;NA;Sin cotización;Sin cotización;Sin cotización
315.94;291.65;272.83;20150331;;-0.6;NA;2,671 ;2,860 ;3,179 
315.94;291.65;272.83;20150401;;-0.6;NA;2,674 ;2,824 ;3,185 
315.94;291.65;272.83;20150402;;-0.6;NA;;;
315.94;291.65;272.83;20150403;;-0.6;NA;;;
315.94;291.65;272.83;20150404;;-0.6;NA;;;
315.94;291.65;272.83;20150405;;-0.6;NA;;;
315.94;291.65;272.83;20150406;;-0.6;NA;2,674 ;2,824 ;3,185 
315.94;291.65;272.83;20150407;;-0.6;NA;2,689 ;2,824 ;3,245 
315.94;291.65;272.83;20150408;;-0.6;NA;2,680 ;2,842 ;3,243 
315.94;291.65;272.83;20150409;;-0.6;NA;2,682 ;2,838 ;3,253 
315.94;291.65;272.83;20150410;;-0.6;NA;2,674 ;2,824 ;3,243 
315.94;291.65;272.83;20150411;;-0.6;NA;;;
315.94;291.65;272.83;20150412;;-0.6;NA;;;
315.94;291.65;272.83;20150413;;-0.6;NA;2,674 ;2,824 ;3,185 
315.94;291.65;272.83;20150414;;-0.6;NA;2,689 ;2,851 ;3,242 
315.94;291.65;272.83;20150415;;-0.6;NA;2,704 ;2,824 ;3,185 
315.94;291.65;272.83;20150416;;-0.6;NA;2,749 ;2,869 ;3,242 
315.94;291.65;272.83;20150417;;-0.6;NA;2,764 ;2,882 ;3,261 
315.94;291.65;272.83;20150418;;-0.6;NA;;;
315.94;291.65;272.83;20150419;;-0.6;NA;;;
315.94;291.65;272.83;20150420;;-0.6;NA;2,764 ;2,884 ;3,242 
315.94;291.65;272.83;20150421;;-0.6;NA;2,794 ;2,895 ;3,257 
315.94;291.65;272.83;20150422;;-0.6;NA;2,830 ;2,902 ;3,243 
315.94;291.65;272.83;20150423;;-0.6;NA;2,794 ;2,899 ;3,185 
315.94;291.65;272.83;20150424;;-0.6;NA;2,839 ;2,914 ;3,185 
315.94;291.65;272.83;20150425;;-0.6;NA;;;
315.94;291.65;272.83;20150426;;-0.6;NA;;;
315.94;291.65;272.83;20150427;;-0.6;NA;2,839 ;2,929 ;3,185 
315.94;291.65;272.83;20150428;;-0.6;NA;2,854 ;2,929 ;3,185 
315.94;291.65;272.83;20150429;;-0.6;NA;2,869 ;2,957 ;3,185 
315.94;291.65;272.83;20150430;;-0.6;NA;2,874 ;2,975 ;3,236 
315.94;291.65;272.83;20150501;;-0.6;NA;;;
315.94;291.65;272.83;20150502;;-0.6;NA;;;
315.94;291.65;272.83;20150503;;-0.6;NA;;;
315.94;291.65;272.83;20150504;;-0.6;NA;2,914 ;2,975 ;3,236 
315.94;291.65;272.83;20150505;;-0.6;NA;2,929 ;2,975 ;3,236 
315.94;291.65;272.83;20150506;;-0.6;NA;2,937 ;3,014 ;3,285 
315.94;291.65;272.83;20150507;;-0.6;NA;2,914 ;2,987 ;3,290 
315.94;291.65;272.83;20150508;;-0.6;NA;2,972 ;3,017 ;3,320 
315.94;291.65;272.83;20150509;;-0.6;NA;;;
315.94;291.65;272.83;20150510;;-0.6;NA;;;
315.94;291.65;272.83;20150511;;-0.6;NA;2,969 ;3,065 ;Sin cotización
315.94;291.65;272.83;20150512;;-0.6;NA;2,972 ;3,092 ;3,287 
315.94;291.65;272.83;20150513;;-0.6;NA;2,972 ;3,107 ;3,215 
315.94;291.65;272.83;20150514;;-0.6;NA;2,932 ;3,033 ;3,215 
315.94;291.65;272.83;20150515;;-0.6;NA;2,932 ;3,033 ;3,185 
315.94;291.65;272.83;20150516;;-0.6;NA;;;
315.94;291.65;272.83;20150517;;-0.6;NA;;;
315.94;291.65;272.83;20150518;;-0.6;NA;2,945 ;3,050 ;3,185 
315.94;291.65;272.83;20150519;;-0.6;NA;2,924 ;3,065 ;3,215 
315.94;291.65;272.83;20150520;;-0.6;NA;2,922 ;3,065 ;3,305 
315.94;291.65;272.83;20150521;;-0.6;NA;2,912 ;3,065 ;3,335 
315.94;291.65;272.83;20150522;;-0.6;NA;2,912 ;3,063 ;3,260 
315.94;291.65;272.83;20150523;;-0.6;NA;;;
315.94;291.65;272.83;20150524;;-0.6;NA;;;
315.94;291.65;272.83;20150525;;-0.6;NA;2,914 ;3,050 ;3,185 
315.94;291.65;272.83;20150526;;-0.6;NA;;;
315.94;291.65;272.83;20150527;;-0.6;NA;;;
315.94;291.65;272.83;20150528;;-0.6;NA;2,900 ;3,052 ;3,313 
315.94;291.65;272.83;20150529;;-0.6;NA;2,890 ;3,058 ;3,412 
315.94;291.65;272.83;20150530;;-0.6;NA;;;
315.94;291.65;272.83;20150531;;-0.6;NA;;;
315.94;291.65;272.83;20150601;;-0.6;NA;2,900 ;3,052 ;3,483 
315.94;291.65;272.83;20150602;;-0.6;NA;2,903 ;3,081 ;3,413 
315.94;291.65;272.83;20150603;;-0.6;NA;2,915 ;3,095 ;3,520 
315.94;291.65;272.83;20150604;;-0.6;NA;2,900 ;3,057 ;3,458 
315.94;291.65;272.83;20150605;;-0.6;NA;2,900 ;3,057 ;3,458 
315.94;291.65;272.83;20150606;;-0.6;NA;;;
315.94;291.65;272.83;20150607;;-0.6;NA;;;
315.94;291.65;272.83;20150608;;-0.6;NA;2,915 ;3,077 ;3,458 
315.94;291.65;272.83;20150609;;-0.6;NA;2,900 ;3,067 ;3,488 
315.94;291.65;272.83;20150610;;-0.6;NA;2,915 ;3,065 ;3,576 
315.94;291.65;272.83;20150611;;-0.6;NA;;;
315.94;291.65;272.83;20150612;;-0.6;NA;;;
315.94;291.65;272.83;20150613;;-0.6;NA;;;
315.94;291.65;272.83;20150614;;-0.6;NA;;;
315.94;291.65;272.83;20150615;;-0.6;NA;2,975 ;3,065 ;3,576 
315.94;291.65;272.83;20150616;;-0.6;NA;2,973 ;3,105 ;3,507 
315.94;291.65;272.83;20150617;;-0.6;NA;2,972 ;3,092 ;3,543 
315.94;291.65;272.83;20150618;;-0.6;NA;2,952 ;3,125 ;3,503 
315.94;291.65;272.83;20150619;;-0.6;NA;2,952 ;3,116 ;3,503 
315.94;291.65;272.83;20150620;;-0.6;NA;;;
315.94;291.65;272.83;20150621;;-0.6;NA;;;
315.94;291.65;272.83;20150622;;-0.6;NA;;;
315.94;291.65;272.83;20150623;;-0.6;NA;2,963 ;3,126 ;3,459 
315.94;291.65;272.83;20150624;;-0.6;NA;2,999 ;3,145 ;3,520 
315.94;291.65;272.83;20150625;;-0.6;NA;3,031 ;3,132 ;3,495 
315.94;291.65;272.83;20150626;;-0.6;NA;3,035 ;3,095 ;3,470 
315.94;291.65;272.83;20150627;;-0.6;NA;;;
315.94;291.65;272.83;20150628;;-0.6;NA;;;
315.94;291.65;272.83;20150629;;-0.6;NA;3,052 ;3,157 ;3,545 
315.94;291.65;272.83;20150630;;-0.6;NA;3,075 ;3,195 ;3,561 
315.94;291.65;272.83;20150701;;-0.6;NA;3,058 ;3,171 ;3,568 
315.94;291.65;272.83;20150702;;-0.6;NA;3,101 ;3,201 ;3,568 
315.94;291.65;272.83;20150703;;-0.6;NA;3,122 ;3,217 ;3,628 
315.94;291.65;272.83;20150704;;-0.6;NA;;;
315.94;291.65;272.83;20150705;;-0.6;NA;;;
315.94;291.65;272.83;20150706;;-0.6;NA;3,122 ;3,242 ;3,628 
315.94;291.65;272.83;20150707;;-0.6;NA;3,122 ;3,242 ;3,643 
315.94;291.65;272.83;20150708;;-0.6;NA;3,155 ;3,317 ;3,651 
315.94;291.65;272.83;20150709;;-0.6;NA;3,160 ;3,317 ;3,680 
315.94;291.65;272.83;20150710;;-0.6;NA;3,208 ;3,355 ;3,652 
315.94;291.65;272.83;20150711;;-0.6;NA;;;
315.94;291.65;272.83;20150712;;-0.6;NA;;;
315.94;291.65;272.83;20150713;;-0.6;NA;3,202 ;3,322 ;3,643 
315.94;291.65;272.83;20150714;;-0.6;NA;3,238 ;3,371 ;3,667 
315.94;291.65;272.83;20150715;;-0.6;NA;3,255 ;3,431 ;3,675 
315.94;291.65;272.83;20150716;;-0.6;NA;3,212 ;3,383 ;3,628 
315.94;291.65;272.83;20150717;;-0.6;NA;3,273 ;3,435 ;3,659 
315.94;291.65;272.83;20150718;;-0.6;NA;;;
315.94;291.65;272.83;20150719;;-0.6;NA;;;
315.94;291.65;272.83;20150720;;-0.6;NA;3,297 ;3,398 ;3,653 
315.94;291.65;272.83;20150721;;-0.6;NA;3,275 ;3,515 ;3,876 
315.94;291.65;272.83;20150722;;-0.6;NA;3,368 ;3,508 ;3,785 
315.94;291.65;272.83;20150723;;-0.6;NA;3,352 ;3,492 ;3,823 
315.94;291.65;272.83;20150724;;-0.6;NA;3,443 ;3,606 ;3,859 
315.94;291.65;272.83;20150725;;-0.6;NA;;;
315.94;291.65;272.83;20150726;;-0.6;NA;;;
315.94;291.65;272.83;20150727;;-0.6;NA;3,545 ;3,693 ;3,983 
315.94;291.65;272.83;20150728;;-0.6;NA;3,570 ;3,693 ;3,983 
315.94;291.65;272.83;20150729;;-0.6;NA;3,595 ;3,743 ;4,008 
315.94;291.65;272.83;20150730;;-0.6;NA;3,718 ;3,838 ;4,088 
315.94;291.65;272.83;20150731;;-0.6;NA;3,693 ;3,813 ;4,093 
315.94;291.65;272.83;20150801;;-0.6;NA;;;
315.94;291.65;272.83;20150802;;-0.6;NA;;;
315.94;291.65;272.83;20150803;;-0.6;NA;;;
315.94;291.65;272.83;20150804;;-0.6;NA;3,748 ;3,835 ;4,085 
315.94;291.65;272.83;20150805;;-0.6;NA;;;
315.94;291.65;272.83;20150806;;-0.6;NA;;;
315.94;291.65;272.83;20150807;;-0.6;NA;;;
315.94;291.65;272.83;20150808;;-0.6;NA;;;
315.94;291.65;272.83;20150809;;-0.6;NA;;;
315.94;291.65;272.83;20150810;;-0.6;NA;;;
315.94;291.65;272.83;20150811;;-0.6;NA;;;
315.94;291.65;272.83;20150812;;-0.6;NA;;;
315.94;291.65;272.83;20150813;;-0.6;NA;;;
315.94;291.65;272.83;20150814;;-0.6;NA;;;
315.94;291.65;272.83;20150815;;-0.6;NA;;;
315.94;291.65;272.83;20150816;;-0.6;NA;;;
315.94;291.65;272.83;20150817;;-0.6;NA;;;
315.94;291.65;272.83;20150818;;-0.6;NA;;;
315.94;291.65;272.83;20150819;;-0.6;NA;;;
315.94;291.65;272.83;20150820;;-0.6;NA;;;
315.94;291.65;272.83;20150821;;-0.6;NA;;;
315.94;291.65;272.83;20150822;;-0.6;NA;;;
315.94;291.65;272.83;20150823;;-0.6;NA;;;
315.94;291.65;272.83;20150824;;-0.6;NA;;;
315.94;291.65;272.83;20150825;;-0.6;NA;;;
315.94;291.65;272.83;20150826;;-0.6;NA;;;
315.94;291.65;272.83;20150827;;-0.6;NA;;;
315.94;291.65;272.83;20150828;;-0.6;NA;3,826 ;4,030 ;4,200 
315.94;291.65;272.83;20150829;;-0.6;NA;;;
315.94;291.65;272.83;20150830;;-0.6;NA;;;
315.94;291.65;272.83;20150831;;-0.6;NA;;;
315.94;291.65;272.83;20150901;;-0.6;NA;3,830 ;4,043 ;4,192 
315.94;291.65;272.83;20150902;;-0.6;NA;3,830 ;3,993 ;4,191 
315.94;291.65;272.83;20150903;;-0.6;NA;3,816 ;3,936 ;4,165 
315.94;291.65;272.83;20150904;;-0.6;NA;;;
315.94;291.65;272.83;20150905;;-0.6;NA;;;
315.94;291.65;272.83;20150906;;-0.6;NA;;;
315.94;291.65;272.83;20150907;;-0.6;NA;3,756 ;3,877 ;4,117 
315.94;291.65;272.83;20150908;;-0.6;NA;3,738 ;3,869 ;4,125 
315.94;291.65;272.83;20150909;;-0.6;NA;3,688 ;3,904 ;4,127 
315.94;291.65;272.83;20150910;;-0.6;NA;3,668 ;3,908 ;4,143 
315.94;291.65;272.83;20150911;;-0.6;NA;3,643 ;3,898 ;4,167 
315.94;291.65;272.83;20150912;;-0.6;NA;;;
315.94;291.65;272.83;20150913;;-0.6;NA;;;
315.94;291.65;272.83;20150914;;-0.6;NA;3,607 ;3,845 ;4,107 
315.94;291.65;272.83;20150915;;-0.6;NA;3,588 ;3,828 ;4,128 
315.94;291.65;272.83;20150916;;-0.6;NA;;;
315.94;291.65;272.83;20150917;;-0.6;NA;3,400 ;3,690 ;4,008 
315.94;291.65;272.83;20150918;;-0.6;NA;3,400 ;3,600 ;3,850 
315.94;291.65;272.83;20150919;;-0.6;NA;;;
315.94;291.65;272.83;20150920;;-0.6;NA;;;
315.94;291.65;272.83;20150921;;-0.6;NA;3,421 ;3,648 ;3,969 
315.94;291.65;272.83;20150922;;-0.6;NA;3,343 ;3,613 ;4,013 
315.94;291.65;272.83;20150923;;-0.6;NA;3,335 ;3,582 ;3,949 
315.94;291.65;272.83;20150924;;-0.6;NA;3,312 ;3,593 ;3,968 
315.94;291.65;272.83;20150925;;-0.6;NA;3,297 ;3,568 ;3,968 
315.94;291.65;272.83;20150926;;-0.6;NA;;;
315.94;291.65;272.83;20150927;;-0.6;NA;;;
315.94;291.65;272.83;20150928;;-0.6;NA;3,247 ;3,543 ;3,868 
315.94;291.65;272.83;20150929;;-0.6;NA;3,206 ;3,489 ;3,836 
315.94;291.65;272.83;20150930;;-0.6;NA;3,185 ;3,422 ;3,859 
315.94;291.65;272.83;20151001;;-0.6;NA;3,085 ;3,372 ;3,740 
315.94;291.65;272.83;20151002;;-0.6;NA;3,067 ;;3,708 
315.94;291.65;272.83;20151003;;-0.6;NA;;;
315.94;291.65;272.83;20151004;;-0.6;NA;;;
315.94;291.65;272.83;20151005;;-0.6;NA;3,067 ;3,373 ;3,745 
315.94;291.65;272.83;20151006;;-0.6;NA;3,067 ;3,423 ;3,758 
315.94;291.65;272.83;20151007;;-0.6;NA;3,158 ;3,413 ;3,712 
315.94;291.65;272.83;20151008;;-0.6;NA;3,177 ;3,448 ;3,708 
315.94;291.65;272.83;20151009;;-0.6;NA;3,180 ;3,386 ;3,694 
315.94;291.65;272.83;20151010;;-0.6;NA;;;
315.94;291.65;272.83;20151011;;-0.6;NA;;;
315.94;291.65;272.83;20151012;;-0.6;NA;;;
315.94;291.65;272.83;20151013;;-0.6;NA;3,227 ;3,433 ;3,693 
315.94;291.65;272.83;20151014;;-0.6;NA;3,185 ;3,396 ;3,666 
315.94;291.65;272.83;20151015;;-0.6;NA;3,227 ;3,403 ;3,693 
315.94;291.65;272.83;20151016;;-0.6;NA;3,225 ;3,419 ;3,696 
315.94;291.65;272.83;20151017;;-0.6;NA;;;
315.94;291.65;272.83;20151018;;-0.6;NA;;;
315.94;291.65;272.83;20151019;;-0.6;NA;3,245 ;3,470 ;3,807 
315.94;291.65;272.83;20151020;;-0.6;NA;3,226 ;3,435 ;3,752 
315.94;291.65;272.83;20151021;;-0.6;NA;3,218 ;3,402 ;3,768 
315.94;291.65;272.83;20151022;;-0.6;NA;;;
315.94;291.65;272.83;20151023;;-0.6;NA;3,218 ;3,402 ;3,768 
315.94;291.65;272.83;20151024;;-0.6;NA;;;
315.94;291.65;272.83;20151025;;-0.6;NA;;;
315.94;291.65;272.83;20151026;;-0.6;NA;;;
315.94;291.65;272.83;20151027;;-0.6;NA;3,202 ;3,368 ;3,733 
315.94;291.65;272.83;20151028;;-0.6;NA;3,192 ;3,383 ;3,733 
315.94;291.65;272.83;20151029;;-0.6;NA;3,122 ;3,368 ;3,708 
315.94;291.65;272.83;20151030;;-0.6;NA;3,146 ;3,328 ;3,720 
315.94;291.65;272.83;20151031;;-0.6;NA;;;
315.94;291.65;272.83;20151101;;-0.6;NA;;;
315.94;291.65;272.83;20151102;;-0.6;NA;;;
315.94;291.65;272.83;20151103;;-0.6;NA;3,125 ;3,305 ;3,696 
315.94;291.65;272.83;20151104;;-0.6;NA;;;
315.94;291.65;272.83;20151105;;-0.6;NA;3,091 ;3,261 ;3,645 
315.94;291.65;272.83;20151106;;-0.6;NA;3,077 ;3,257 ;3,583 
315.94;291.65;272.83;20151107;;-0.6;NA;;;
315.94;291.65;272.83;20151108;;-0.6;NA;;;
315.94;291.65;272.83;20151109;;-0.6;NA;3,120 ;3,270 ;3,470 
315.94;291.65;272.83;20151110;;-0.6;NA;3,101 ;3,228 ;3,432 
315.94;291.65;272.83;20151111;;-0.6;NA;2,972 ;3,107 ;3,242 
315.94;291.65;272.83;20151112;;-0.6;NA;;;
315.94;291.65;272.83;20151113;;-0.6;NA;2,847 ;2,972 ;3,142 
315.94;291.65;272.83;20151114;;-0.6;NA;;;
315.94;291.65;272.83;20151115;;-0.6;NA;;;
315.94;291.65;272.83;20151116;;-0.6;NA;2,807 ;2,972 ;3,127 
315.94;291.65;272.83;20151117;;-0.6;NA;2,805 ;2,945 ;3,158 
315.94;291.65;272.83;20151118;;-0.6;NA;2,801 ;2,928 ;3,138 
315.94;291.65;272.83;20151119;;-0.6;NA;2,742 ;2,932 ;3,097 
315.94;291.65;272.83;20151120;;-0.6;NA;2,782 ;2,877 ;3,017 
315.94;291.65;272.83;20151121;;-0.6;NA;;;
315.94;291.65;272.83;20151122;;-0.6;NA;;;
315.94;291.65;272.83;20151123;;-0.6;NA;;;
315.94;291.65;272.83;20151124;;-0.6;NA;2,716 ;2,806 ;2,938 
315.94;291.65;272.83;20151125;;-0.6;NA;;;
315.94;291.65;272.83;20151126;;-0.6;NA;2,736 ;2,795 ;2,883 
315.94;291.65;272.83;20151127;;-0.6;NA;2,702 ;2,782 ;2,877 
315.94;291.65;272.83;20151128;;-0.6;NA;;;
315.94;291.65;272.83;20151129;;-0.6;NA;;;
315.94;291.65;272.83;20151130;;-0.6;NA;2,727 ;2,782 ;2,877 
315.94;291.65;272.83;20151201;;-0.6;NA;2,702 ;2,797 ;2,877 
315.94;291.65;272.83;20151202;;-0.6;NA;2,750 ;2,820 ;2,916 
315.94;291.65;272.83;20151203;;-0.6;NA;2,745 ;2,828 ;2,936 
315.94;291.65;272.83;20151204;;-0.6;NA;;;
315.94;291.65;272.83;20151205;;-0.6;NA;;;
315.94;291.65;272.83;20151206;;-0.6;NA;;;
315.94;291.65;272.83;20151207;;-0.6;NA;;;
315.94;291.65;272.83;20151208;;-0.6;NA;;;
315.94;291.65;272.83;20151209;;-0.6;NA;2,767 ;2,847 ;2,927 
315.94;291.65;272.83;20151210;;-0.6;NA;2,778 ;2,845 ;2,945 
315.94;291.65;272.83;20151211;;-0.6;NA;2,798 ;2,881 ;2,961 
315.94;291.65;272.83;20151212;;-0.6;NA;;;
315.94;291.65;272.83;20151213;;-0.6;NA;;;
315.94;291.65;272.83;20151214;;-0.6;NA;2,797 ;2,892 ;2,972 
315.94;291.65;272.83;20151215;;-0.6;NA;2,808 ;2,884 ;2,976 
315.94;291.65;272.83;20151216;;-0.6;NA;2,822 ;2,896 ;2,972 
315.94;291.65;272.83;20151217;;-0.6;NA;2,847 ;2,896 ;2,972 
315.94;291.65;272.83;20151218;;-0.6;NA;2,837 ;2,917 ;2,997 
315.94;291.65;272.83;20151219;;-0.6;NA;;;
315.94;291.65;272.83;20151220;;-0.6;NA;;;
315.94;291.65;272.83;20151221;;-0.6;NA;2,877 ;2,996 ;3,122 
315.94;291.65;272.83;20151222;;-0.6;NA;2,917 ;3,027 ;3,122 
315.94;291.65;272.83;20151223;;-0.6;NA;2,942 ;3,047 ;3,151 
315.94;291.65;272.83;20151224;;-0.6;NA;;;
315.94;291.65;272.83;20151225;;-0.6;NA;;;
315.94;291.65;272.83;20151226;;-0.6;NA;;;
315.94;291.65;272.83;20151227;;-0.6;NA;;;
315.94;291.65;272.83;20151228;;-0.6;NA;2,972 ;3,137 ;3,245 
315.94;291.65;272.83;20151229;;-0.6;NA;3,045 ;3,162 ;3,270 
315.94;291.65;272.83;20151230;;-0.6;NA;Sin cotización;Sin cotización;Sin cotización
315.94;291.65;272.83;20151231;;-0.6;NA;;;
294.29;282.17;270.51;20160101;;-0.3;3.92;;;
294.29;282.17;270.51;20160102;;-0.3;3.92;;;
294.29;282.17;270.51;20160103;;-0.3;3.92;;;
294.29;282.17;270.51;20160104;;-0.3;3.92;3,045 ;3,162 ;3,270 
294.29;282.17;270.51;20160105;;-0.3;3.92;;;
294.29;282.17;270.51;20160106;;-0.3;3.92;;;
294.29;282.17;270.51;20160107;;-0.3;3.92;3,020 ;3,155 ;3,270 
294.29;282.17;270.51;20160108;;-0.3;3.92;3,019 ;3,092 ;3,147 
294.29;282.17;270.51;20160109;;-0.3;3.92;;;
294.29;282.17;270.51;20160110;;-0.3;3.92;;;
294.29;282.17;270.51;20160111;;-0.3;3.92;3,003 ;3,070 ;3,120 
294.29;282.17;270.51;20160112;;-0.3;3.92;2,971 ;3,061 ;3,146 
294.29;282.17;270.51;20160113;;-0.3;3.92;2,978 ;3,069 ;3,145 
294.29;282.17;270.51;20160114;;-0.3;3.92;2,945 ;3,023 ;3,095 
294.29;282.17;270.51;20160115;;-0.3;3.92;2,998 ;3,065 ;3,171 
294.29;282.17;270.51;20160116;;-0.3;3.92;;;
294.29;282.17;270.51;20160117;;-0.3;3.92;;;
294.29;282.17;270.51;20160118;;-0.3;3.92;2,997 ;3,077 ;3,172 
294.29;282.17;270.51;20160119;;-0.3;3.92;2,997 ;3,107 ;3,187 
294.29;282.17;270.51;20160120;;-0.3;3.92;2,975 ;3,095 ;3,155 
294.29;282.17;270.51;20160121;;-0.3;3.92;3,043 ;3,128 ;3,203 
294.29;282.17;270.51;20160122;;-0.3;3.92;Sin cotización;Sin cotización;Sin cotización
294.29;282.17;270.51;20160123;;-0.3;3.92;;;
294.29;282.17;270.51;20160124;;-0.3;3.92;;;
294.29;282.17;270.51;20160125;;-0.3;3.92;3,042 ;3,092 ;3,177 
294.29;282.17;270.51;20160126;;-0.3;3.92;3,042 ;3,092 ;3,177 
294.29;282.17;270.51;20160127;;-0.3;3.92;3,101 ;3,181 ;3,230 
294.29;282.17;270.51;20160128;;-0.3;3.92;3,092 ;3,187 ;3,242 
294.29;282.17;270.51;20160129;;-0.3;3.92;3,101 ;3,171 ;3,251 
294.29;282.17;270.51;20160130;;-0.3;3.92;;;
294.29;282.17;270.51;20160131;;-0.3;3.92;;;
294.29;282.17;270.51;20160201;;-0.3;3.92;3,090 ;3,152 ;3,237 
294.29;282.17;270.51;20160202;;-0.3;3.92;3,107 ;3,187 ;3,280 
294.29;282.17;270.51;20160203;;-0.3;3.92;Sin cotización;Sin cotización;Sin cotización
294.29;282.17;270.51;20160204;;-0.3;3.92;3,101 ;3,188 ;3,271 
294.29;282.17;270.51;20160205;;-0.3;3.92;3,092 ;3,162 ;3,257 
294.29;282.17;270.51;20160206;;-0.3;3.92;;;
294.29;282.17;270.51;20160207;;-0.3;3.92;;;
294.29;282.17;270.51;20160208;;-0.3;3.92;3,107 ;3,187 ;3,283 
294.29;282.17;270.51;20160209;;-0.3;3.92;3,112 ;3,172 ;3,243 
294.29;282.17;270.51;20160210;;-0.3;3.92;3,092 ;3,147 ;3,282 
294.29;282.17;270.51;20160211;;-0.3;3.92;3,037 ;3,117 ;3,242 
294.29;282.17;270.51;20160212;;-0.3;3.92;2,987 ;3,067 ;3,192 
294.29;282.17;270.51;20160213;;-0.3;3.92;;;
294.29;282.17;270.51;20160214;;-0.3;3.92;;;
294.29;282.17;270.51;20160215;;-0.3;3.92;2,975 ;3,065 ;3,215 
294.29;282.17;270.51;20160216;;-0.3;3.92;2,920 ;3,020 ;3,145 
294.29;282.17;270.51;20160217;;-0.3;3.92;2,845 ;2,995 ;3,145 
294.29;282.17;270.51;20160218;;-0.3;3.92;2,822 ;2,982 ;3,147 
294.29;282.17;270.51;20160219;;-0.3;3.92;2,822 ;2,957 ;3,117 
294.29;282.17;270.51;20160220;;-0.3;3.92;;;
294.29;282.17;270.51;20160221;;-0.3;3.92;;;
294.29;282.17;270.51;20160222;;-0.3;3.92;2,872 ;2,967 ;3,132 
294.29;282.17;270.51;20160223;;-0.3;3.92;2,855 ;2,988 ;3,145 
294.29;282.17;270.51;20160224;;-0.3;3.92;2,887 ;2,997 ;3,147 
294.29;282.17;270.51;20160225;;-0.3;3.92;2,865 ;2,998 ;3,138 
294.29;282.17;270.51;20160226;;-0.3;3.92;2,887 ;2,997 ;3,157 
294.29;282.17;270.51;20160227;;-0.3;3.92;;;
294.29;282.17;270.51;20160228;;-0.3;3.92;;;
294.29;282.17;270.51;20160229;;-0.3;3.92;;;
294.29;282.17;270.51;20160301;;-0.3;3.92;2,887 ;3,022 ;3,172 
294.29;282.17;270.51;20160302;;-0.3;3.92;Sin cotización;Sin cotización;Sin cotización
294.29;282.17;270.51;20160303;;-0.3;3.92;2,871 ;2,972 ;3,122 
294.29;282.17;270.51;20160304;;-0.3;3.92;2,862 ;2,997 ;3,144 
294.29;282.17;270.51;20160305;;-0.3;3.92;;;
294.29;282.17;270.51;20160306;;-0.3;3.92;;;
294.29;282.17;270.51;20160307;;-0.3;3.92;2,862 ;2,997 ;3,144 
294.29;282.17;270.51;20160308;;-0.3;3.92;2,858 ;2,998 ;3,138 
294.29;282.17;270.51;20160309;;-0.3;3.92;2,855 ;2,972 ;3,148 
294.29;282.17;270.51;20160310;;-0.3;3.92;2,862 ;2,942 ;3,119 
294.29;282.17;270.51;20160311;;-0.3;3.92;2,867 ;2,942 ;3,107 
294.29;282.17;270.51;20160312;;-0.3;3.92;;;
294.29;282.17;270.51;20160313;;-0.3;3.92;;;
294.29;282.17;270.51;20160314;;-0.3;3.92;Sin cotización;Sin cotización;Sin cotización
294.29;282.17;270.51;20160315;;-0.3;3.92;2,863 ;2,941 ;3,101 
294.29;282.17;270.51;20160316;;-0.3;3.92;2,853 ;2,941 ;3,101 
294.29;282.17;270.51;20160317;;-0.3;3.92;2,844 ;2,927 ;3,092 
294.29;282.17;270.51;20160318;;-0.3;3.92;Sin cotización;Sin cotización;Sin cotización
294.29;282.17;270.51;20160319;;-0.3;3.92;;;
294.29;282.17;270.51;20160320;;-0.3;3.92;;;
294.29;282.17;270.51;20160321;;-0.3;3.92;Sin cotización;Sin cotización;Sin cotización
294.29;282.17;270.51;20160322;;-0.3;3.92;2,840 ;3,000 ;3,090 
294.29;282.17;270.51;20160323;;-0.3;3.92;Sin cotización;Sin cotización;Sin cotización
294.29;282.17;270.51;20160324;;-0.3;3.92;;;
294.29;282.17;270.51;20160325;;-0.3;3.92;;;
294.29;282.17;270.51;20160326;;-0.3;3.92;;;
294.29;282.17;270.51;20160327;;-0.3;3.92;;;
294.29;282.17;270.51;20160328;;-0.3;3.92;2,845 ;2,970 ;3,120 
294.29;282.17;270.51;20160329;;-0.3;3.92;2,829 ;2,927 ;3,092 
294.29;282.17;270.51;20160330;;-0.3;3.92;2,844 ;2,942 ;3,092 
294.29;282.17;270.51;20160331;;-0.3;3.92;2,836 ;2,935 ;3,101 
294.29;282.17;270.51;20160401;;-0.3;-8.53;2,836 ;2,935 ;3,095 
294.29;282.17;270.51;20160402;;-0.3;-8.53;;;
294.29;282.17;270.51;20160403;;-0.3;-8.53;;;
294.29;282.17;270.51;20160404;;-0.3;-8.53;2,869 ;3,005 ;3,138 
294.29;282.17;270.51;20160405;;-0.3;-8.53;2,867 ;2,975 ;3,113 
294.29;282.17;270.51;20160406;;-0.3;-8.53;2,828 ;2,908 ;3,101 
294.29;282.17;270.51;20160407;;-0.3;-8.53;2,818 ;2,898 ;3,095 
294.29;282.17;270.51;20160408;;-0.3;-8.53;2,836 ;2,904 ;3,101 
294.29;282.17;270.51;20160409;;-0.3;-8.53;;;
294.29;282.17;270.51;20160410;;-0.3;-8.53;;;
294.29;282.17;270.51;20160411;;-0.3;-8.53;2,829 ;2,897 ;3,117 
294.29;282.17;270.51;20160412;;-0.3;-8.53;2,829 ;2,897 ;3,067 
294.29;282.17;270.51;20160413;;-0.3;-8.53;2,844 ;2,922 ;3,092 
294.29;282.17;270.51;20160414;;-0.3;-8.53;2,844 ;2,942 ;3,092 
294.29;282.17;270.51;20160415;;-0.3;-8.53;2,844 ;;3,067 
294.29;282.17;270.51;20160416;;-0.3;-8.53;;;
294.29;282.17;270.51;20160417;;-0.3;-8.53;;;
294.29;282.17;270.51;20160418;;-0.3;-8.53;2,844 ;2,957 ;3,092 
294.29;282.17;270.51;20160419;;-0.3;-8.53;2,849 ;2,935 ;3,101 
294.29;282.17;270.51;20160420;;-0.3;-8.53;2,862 ;2,942 ;3,107 
294.29;282.17;270.51;20160421;;-0.3;-8.53;2,853 ;2,927 ;3,098 
294.29;282.17;270.51;20160422;;-0.3;-8.53;2,819 ;2,932 ;3,067 
294.29;282.17;270.51;20160423;;-0.3;-8.53;;;
294.29;282.17;270.51;20160424;;-0.3;-8.53;;;
294.29;282.17;270.51;20160425;;-0.3;-8.53;2,819 ;2,932 ;3,067 
294.29;282.17;270.51;20160426;;-0.3;-8.53;2,819 ;2,902 ;3,052 
294.29;282.17;270.51;20160427;;-0.3;-8.53;2,811 ;2,887 ;3,021 
294.29;282.17;270.51;20160428;;-0.3;-8.53;2,807 ;2,896 ;3,032 
294.29;282.17;270.51;20160429;;-0.3;-8.53;2,819 ;2,877 ;3,012 
294.29;282.17;270.51;20160430;;-0.3;-8.53;;;
294.29;282.17;270.51;20160501;;-0.3;-8.53;;;
294.29;282.17;270.51;20160502;;-0.3;-8.53;;;
294.29;282.17;270.51;20160503;;-0.3;-8.53;2,819 ;2,902 ;3,012 
294.29;282.17;270.51;20160504;;-0.3;-8.53;2,798 ;2,871 ;2,987 
294.29;282.17;270.51;20160505;;-0.3;-8.53;2,779 ;2,870 ;2,988 
294.29;282.17;270.51;20160506;;-0.3;-8.53;2,721 ;2,820 ;2,975 
294.29;282.17;270.51;20160507;;-0.3;-8.53;;;
294.29;282.17;270.51;20160508;;-0.3;-8.53;;;
294.29;282.17;270.51;20160509;;-0.3;-8.53;2,697 ;2,773 ;2,957 
294.29;282.17;270.51;20160510;;-0.3;-8.53;2,682 ;2,771 ;2,951 
294.29;282.17;270.51;20160511;;-0.3;-8.53;2,687 ;2,746 ;2,951 
294.29;282.17;270.51;20160512;;-0.3;-8.53;2,672 ;2,746 ;2,926 
294.29;282.17;270.51;20160513;;-0.3;-8.53;2,671 ;2,719 ;2,908 
294.29;282.17;270.51;20160514;;-0.3;-8.53;;;
294.29;282.17;270.51;20160515;;-0.3;-8.53;;;
294.29;282.17;270.51;20160516;;-0.3;-8.53;2,672 ;2,743 ;2,927 
294.29;282.17;270.51;20160517;;-0.3;-8.53;2,672 ;2,743 ;2,927 
294.29;282.17;270.51;20160518;;-0.3;-8.53;2,672 ;2,718 ;2,877 
294.29;282.17;270.51;20160519;;-0.3;-8.53;2,697 ;2,743 ;2,902 
294.29;282.17;270.51;20160520;;-0.3;-8.53;2,672 ;2,718 ;2,877 
294.29;282.17;270.51;20160521;;-0.3;-8.53;;;
294.29;282.17;270.51;20160522;;-0.3;-8.53;;;
294.29;282.17;270.51;20160523;;-0.3;-8.53;2,672 ;2,721 ;2,902 
294.29;282.17;270.51;20160524;;-0.3;-8.53;2,697 ;2,746 ;2,902 
294.29;282.17;270.51;20160525;;-0.3;-8.53;2,704 ;2,752 ;2,891 
294.29;282.17;270.51;20160526;;-0.3;-8.53;2,672 ;2,743 ;2,877 
294.29;282.17;270.51;20160527;;-0.3;-8.53;2,712 ;2,767 ;2,852 
294.29;282.17;270.51;20160528;;-0.3;-8.53;;;
294.29;282.17;270.51;20160529;;-0.3;-8.53;;;
294.29;282.17;270.51;20160530;;-0.3;-8.53;2,712 ;2,767 ;2,852 
294.29;282.17;270.51;20160531;;-0.3;-8.53;2,718 ;2,773 ;2,899 
294.29;282.17;270.51;20160601;;-0.3;-8.53;2,742 ;2,822 ;2,892 
294.29;282.17;270.51;20160602;;-0.3;-8.53;2,764 ;2,825 ;2,915 
294.29;282.17;270.51;20160603;;-0.3;-8.53;2,751 ;2,811 ;2,908 
294.29;282.17;270.51;20160604;;-0.3;-8.53;;;
294.29;282.17;270.51;20160605;;-0.3;-8.53;;;
294.29;282.17;270.51;20160606;;-0.3;-8.53;2,752 ;2,807 ;2,902 
294.29;282.17;270.51;20160607;;-0.3;-8.53;2,767 ;2,822 ;2,915 
294.29;282.17;270.51;20160608;;-0.3;-8.53;2,767 ;2,832 ;2,917 
294.29;282.17;270.51;20160609;;-0.3;-8.53;2,771 ;2,825 ;2,915 
294.29;282.17;270.51;20160610;;-0.3;-8.53;2,770 ;2,872 ;2,942 
294.29;282.17;270.51;20160611;;-0.3;-8.53;;;
294.29;282.17;270.51;20160612;;-0.3;-8.53;;;
294.29;282.17;270.51;20160613;;-0.3;-8.53;2,765 ;2,825 ;2,885 
294.29;282.17;270.51;20160614;;-0.3;-8.53;2,785 ;2,855 ;2,925 
294.29;282.17;270.51;20160615;;-0.3;-8.53;2,811 ;2,855 ;2,935 
294.29;282.17;270.51;20160616;;-0.3;-8.53;2,817 ;2,872 ;2,942 
294.29;282.17;270.51;20160617;;-0.3;-8.53;2,832 ;2,893 ;2,942 
294.29;282.17;270.51;20160618;;-0.3;-8.53;;;
294.29;282.17;270.51;20160619;;-0.3;-8.53;;;
294.29;282.17;270.51;20160620;;-0.3;-8.53;2,832 ;2,893 ;2,942 
294.29;282.17;270.51;20160621;;-0.3;-8.53;2,857 ;2,893 ;2,942 
294.29;282.17;270.51;20160622;;-0.3;-8.53;2,863 ;2,912 ;2,978 
294.29;282.17;270.51;20160623;;-0.3;-8.53;2,867 ;2,969 ;3,017 
294.29;282.17;270.51;20160624;;-0.3;-8.53;2,937 ;2,969 ;3,025 
294.29;282.17;270.51;20160625;;-0.3;-8.53;;;
294.29;282.17;270.51;20160626;;-0.3;-8.53;;;
294.29;282.17;270.51;20160627;;-0.3;-8.53;2,915 ;2,969 ;3,017 
294.29;282.17;270.51;20160628;;-0.3;-8.53;2,915 ;2,969 ;3,017 
294.29;282.17;270.51;20160629;;-0.3;-8.53;2,912 ;2,954 ;3,005 
294.29;282.17;270.51;20160630;;-0.3;-8.53;2,915 ;2,927 ;3,012 
294.29;282.17;270.51;20160701;;-0.3;-18.49;2,908 ;2,948 ;2,993 
294.29;282.17;270.51;20160702;;-0.3;-18.49;;;
294.29;282.17;270.51;20160703;;-0.3;-18.49;;;
294.29;282.17;270.51;20160704;;-0.3;-18.49;Sin cotización;Sin cotización;Sin cotización
294.29;282.17;270.51;20160705;;-0.3;-18.49;2,902 ;2,948 ;3,018 
294.29;282.17;270.51;20160706;;-0.3;-18.49;2,902 ;2,945 ;3,005 
294.29;282.17;270.51;20160707;;-0.3;-18.49;2,892 ;2,932 ;2,995 
294.29;282.17;270.51;20160708;;-0.3;-18.49;Sin cotización;Sin cotización;Sin cotización
294.29;282.17;270.51;20160709;;-0.3;-18.49;;;
294.29;282.17;270.51;20160710;;-0.3;-18.49;;;
294.29;282.17;270.51;20160711;;-0.3;-18.49;Sin cotización;Sin cotización;Sin cotización
294.29;282.17;270.51;20160712;;-0.3;-18.49;2,925 ;2,977 ;3,041 
294.29;282.17;270.51;20160713;;-0.3;-18.49;Sin cotización;Sin cotización;Sin cotización
294.29;282.17;270.51;20160714;;-0.3;-18.49;2,969 ;3,020 ;3,067 
294.29;282.17;270.51;20160715;;-0.3;-18.49;2,969 ;3,020 ;3,067 
294.29;282.17;270.51;20160716;;-0.3;-18.49;;;
294.29;282.17;270.51;20160717;;-0.3;-18.49;;;
294.29;282.17;270.51;20160718;;-0.3;-18.49;2,969 ;3,020 ;3,067 
294.29;282.17;270.51;20160719;;-0.3;-18.49;2,969 ;3,020 ;3,067 
294.29;282.17;270.51;20160720;;-0.3;-18.49;2,970 ;3,020 ;3,077 
294.29;282.17;270.51;20160721;;-0.3;-18.49;Sin cotización;Sin cotización;Sin cotización
294.29;282.17;270.51;20160722;;-0.3;-18.49;2,951 ;2,994 ;3,067 
294.29;282.17;270.51;20160723;;-0.3;-18.49;;;
294.29;282.17;270.51;20160724;;-0.3;-18.49;;;
294.29;282.17;270.51;20160725;;-0.3;-18.49;Sin cotización;Sin cotización;Sin cotización
294.29;282.17;270.51;20160726;;-0.3;-18.49;2,945 ;2,995 ;3,065 
294.29;282.17;270.51;20160727;;-0.3;-18.49;Sin cotización;Sin cotización;Sin cotización
294.29;282.17;270.51;20160728;;-0.3;-18.49;Sin cotización;Sin cotización;Sin cotización
294.29;282.17;270.51;20160729;;-0.3;-18.49;2,957 ;3,006 ;3,062 
294.29;282.17;270.51;20160730;;-0.3;-18.49;;;
294.29;282.17;270.51;20160731;;-0.3;-18.49;;;
294.29;282.17;270.51;20160801;;-0.3;-18.49;;;
294.29;282.17;270.51;20160802;;-0.3;-18.49;;;
294.29;282.17;270.51;20160803;;-0.3;-18.49;;;
294.29;282.17;270.51;20160804;;-0.3;-18.49;;;
294.29;282.17;270.51;20160805;;-0.3;-18.49;;;
294.29;282.17;270.51;20160806;;-0.3;-18.49;;;
294.29;282.17;270.51;20160807;;-0.3;-18.49;;;
294.29;282.17;270.51;20160808;;-0.3;-18.49;;;
294.29;282.17;270.51;20160809;;-0.3;-18.49;;;
294.29;282.17;270.51;20160810;;-0.3;-18.49;;;
294.29;282.17;270.51;20160811;;-0.3;-18.49;Sin cotización;Sin cotización;Sin cotización
294.29;282.17;270.51;20160812;;-0.3;-18.49;;;
294.29;282.17;270.51;20160813;;-0.3;-18.49;;;
294.29;282.17;270.51;20160814;;-0.3;-18.49;;;
294.29;282.17;270.51;20160815;;-0.3;-18.49;;;
294.29;282.17;270.51;20160816;;-0.3;-18.49;;;
294.29;282.17;270.51;20160817;;-0.3;-18.49;;;
294.29;282.17;270.51;20160818;;-0.3;-18.49;;;
294.29;282.17;270.51;20160819;;-0.3;-18.49;;;
294.29;282.17;270.51;20160820;;-0.3;-18.49;;;
294.29;282.17;270.51;20160821;;-0.3;-18.49;;;
294.29;282.17;270.51;20160822;;-0.3;-18.49;;;
294.29;282.17;270.51;20160823;;-0.3;-18.49;;;
294.29;282.17;270.51;20160824;;-0.3;-18.49;;;
294.29;282.17;270.51;20160825;;-0.3;-18.49;;;
294.29;282.17;270.51;20160826;;-0.3;-18.49;;;
294.29;282.17;270.51;20160827;;-0.3;-18.49;;;
294.29;282.17;270.51;20160828;;-0.3;-18.49;;;
294.29;282.17;270.51;20160829;;-0.3;-18.49;;;
294.29;282.17;270.51;20160830;;-0.3;-18.49;;;
294.29;282.17;270.51;20160831;;-0.3;-18.49;;;
294.29;282.17;270.51;20160901;;-0.3;-18.49;3,070 ;3,115 ;3,145 
294.29;282.17;270.51;20160902;;-0.3;-18.49;3,047 ;3,095 ;3,125 
294.29;282.17;270.51;20160903;;-0.3;-18.49;;;
294.29;282.17;270.51;20160904;;-0.3;-18.49;;;
294.29;282.17;270.51;20160905;;-0.3;-18.49;3,035 ;3,095 ;3,125 
294.29;282.17;270.51;20160906;;-0.3;-18.49;3,041 ;3,098 ;3,135 
294.29;282.17;270.51;20160907;;-0.3;-18.49;3,065 ;3,098 ;3,135 
294.29;282.17;270.51;20160908;;-0.3;-18.49;3,065 ;3,095 ;3,149 
294.29;282.17;270.51;20160909;;-0.3;-18.49;3,065 ;3,108 ;3,155 
294.29;282.17;270.51;20160910;;-0.3;-18.49;;;
294.29;282.17;270.51;20160911;;-0.3;-18.49;;;
294.29;282.17;270.51;20160912;;-0.3;-18.49;3,052 ;3,098 ;3,147 
294.29;282.17;270.51;20160913;;-0.3;-18.49;3,055 ;3,095 ;3,145 
294.29;282.17;270.51;20160914;;-0.3;-18.49;Sin cotización;Sin cotización;Sin cotización
294.29;282.17;270.51;20160915;;-0.3;-18.49;3,035 ;3,072 ;3,121 
294.29;282.17;270.51;20160916;;-0.3;-18.49;Sin cotización;Sin cotización;Sin cotización
294.29;282.17;270.51;20160917;;-0.3;-18.49;;;
294.29;282.17;270.51;20160918;;-0.3;-18.49;;;
294.29;282.17;270.51;20160919;;-0.3;-18.49;2,995 ;3,070 ;3,120 
294.29;282.17;270.51;20160920;;-0.3;-18.49;2,998 ;3,058 ;3,111 
294.29;282.17;270.51;20160921;;-0.3;-18.49;3,002 ;3,027 ;3,092 
294.29;282.17;270.51;20160922;;-0.3;-18.49;3,002 ;3,027 ;3,092 
294.29;282.17;270.51;20160923;;-0.3;-18.49;2,997 ;3,043 ;3,092 
294.29;282.17;270.51;20160924;;-0.3;-18.49;;;
294.29;282.17;270.51;20160925;;-0.3;-18.49;;;
294.29;282.17;270.51;20160926;;-0.3;-18.49;3,020 ;3,060 ;3,110 
294.29;282.17;270.51;20160927;;-0.3;-18.49;2,998 ;3,051 ;3,105 
294.29;282.17;270.51;20160928;;-0.3;-18.49;2,998 ;3,051 ;3,105 
294.29;282.17;270.51;20160929;;-0.3;-18.49;2,997 ;3,043 ;3,092 
294.29;282.17;270.51;20160930;;-0.3;-18.49;2,997 ;3,048 ;3,110 
294.29;282.17;270.51;20161001;;-0.3;1.14;;;
294.29;282.17;270.51;20161002;;-0.3;1.14;;;
294.29;282.17;270.51;20161003;;-0.3;1.14;2,972 ;3,033 ;3,092 
294.29;282.17;270.51;20161004;;-0.3;1.14;2,995 ;3,025 ;3,102 
294.29;282.17;270.51;20161005;;-0.3;1.14;2,994 ;3,055 ;3,101 
294.29;282.17;270.51;20161006;;-0.3;1.14;3,014 ;3,058 ;3,095 
294.29;282.17;270.51;20161007;;-0.3;1.14;2,994 ;3,057 ;3,105 
294.29;282.17;270.51;20161008;;-0.3;1.14;;;
294.29;282.17;270.51;20161009;;-0.3;1.14;;;
294.29;282.17;270.51;20161010;;-0.3;1.14;Sin cotización;Sin cotización;Sin cotización
294.29;282.17;270.51;20161011;;-0.3;1.14;2,997 ;3,038 ;3,077 
294.29;282.17;270.51;20161012;;-0.3;1.14;;;
294.29;282.17;270.51;20161013;;-0.3;1.14;Sin cotización;Sin cotización;Sin cotización
294.29;282.17;270.51;20161014;;-0.3;1.14;2,988 ;3,035 ;3,075 
294.29;282.17;270.51;20161015;;-0.3;1.14;;;
294.29;282.17;270.51;20161016;;-0.3;1.14;;;
294.29;282.17;270.51;20161017;;-0.3;1.14;2,972 ;3,033 ;3,068 
294.29;282.17;270.51;20161018;;-0.3;1.14;;;
294.29;282.17;270.51;20161019;;-0.3;1.14;2,957 ;3,012 ;3,052 
294.29;282.17;270.51;20161020;;-0.3;1.14;Sin cotización;Sin cotización;Sin cotización
294.29;282.17;270.51;20161021;;-0.3;1.14;2,961 ;3,005 ;3,071 
294.29;282.17;270.51;20161022;;-0.3;1.14;;;
294.29;282.17;270.51;20161023;;-0.3;1.14;;;
294.29;282.17;270.51;20161024;;-0.3;1.14;2,957 ;2,997 ;3,046 
294.29;282.17;270.51;20161025;;-0.3;1.14;Sin cotización;Sin cotización;Sin cotización
294.29;282.17;270.51;20161026;;-0.3;1.14;2,967 ;2,997 ;3,043 
294.29;282.17;270.51;20161027;;-0.3;1.14;2,967 ;2,997 ;3,043 
294.29;282.17;270.51;20161028;;-0.3;1.14;2,969 ;3,018 ;3,052 
294.29;282.17;270.51;20161029;;-0.3;1.14;;;
294.29;282.17;270.51;20161030;;-0.3;1.14;;;
294.29;282.17;270.51;20161031;;-0.3;1.14;2,991 ;3,021 ;3,077 
294.29;282.17;270.51;20161101;;-0.3;1.14;;;
294.29;282.17;270.51;20161102;;-0.3;1.14;2,970 ;3,020 ;3,070 
294.29;282.17;270.51;20161103;;-0.3;1.14;;;
294.29;282.17;270.51;20161104;;-0.3;1.14;2,984 ;3,031 ;3,081 
294.29;282.17;270.51;20161105;;-0.3;1.14;;;
294.29;282.17;270.51;20161106;;-0.3;1.14;;;
294.29;282.17;270.51;20161107;;-0.3;1.14;Sin cotización;Sin cotización;Sin cotización
294.29;282.17;270.51;20161108;;-0.3;1.14;2,978 ;3,039 ;3,108 
294.29;282.17;270.51;20161109;;-0.3;1.14;2,972 ;3,052 ;3,132 
294.29;282.17;270.51;20161110;;-0.3;1.14;2,991 ;3,037 ;3,098 
294.29;282.17;270.51;20161111;;-0.3;1.14;Sin cotización;Sin cotización;Sin cotización
294.29;282.17;270.51;20161112;;-0.3;1.14;;;
294.29;282.17;270.51;20161113;;-0.3;1.14;;;
294.29;282.17;270.51;20161114;;-0.3;1.14;Sin cotización;Sin cotización;Sin cotización
294.29;282.17;270.51;20161115;;-0.3;1.14;3,027 ;3,073 ;3,107 
294.29;282.17;270.51;20161116;;-0.3;1.14;3,077 ;3,125 ;3,173 
294.29;282.17;270.51;20161117;;-0.3;1.14;3,091 ;3,162 ;3,208 
294.29;282.17;270.51;20161118;;-0.3;1.14;3,094 ;3,143 ;3,192 
294.29;282.17;270.51;20161119;;-0.3;1.14;;;
294.29;282.17;270.51;20161120;;-0.3;1.14;;;
294.29;282.17;270.51;20161121;;-0.3;1.14;3,094 ;3,143 ;3,192 
294.29;282.17;270.51;20161122;;-0.3;1.14;3,122 ;3,183 ;3,251 
294.29;282.17;270.51;20161123;;-0.3;1.14;3,142 ;3,222 ;3,302 
294.29;282.17;270.51;20161124;;-0.3;1.14;3,120 ;3,180 ;3,295 
294.29;282.17;270.51;20161125;;-0.3;1.14;;;
294.29;282.17;270.51;20161126;;-0.3;1.14;;;
294.29;282.17;270.51;20161127;;-0.3;1.14;;;
294.29;282.17;270.51;20161128;;-0.3;1.14;3,143 ;3,214 ;3,344 
294.29;282.17;270.51;20161129;;-0.3;1.14;3,158 ;3,239 ;3,294 
294.29;282.17;270.51;20161130;;-0.3;1.14;3,137 ;3,208 ;3,294 
294.29;282.17;270.51;20161201;;-0.3;1.14;Sin cotización;Sin cotización;Sin cotización
294.29;282.17;270.51;20161202;;-0.3;1.14;3,143 ;3,225 ;3,285 
294.29;282.17;270.51;20161203;;-0.3;1.14;;;
294.29;282.17;270.51;20161204;;-0.3;1.14;;;
294.29;282.17;270.51;20161205;;-0.3;1.14;3,107 ;3,217 ;3,288 
294.29;282.17;270.51;20161206;;-0.3;1.14;;;
294.29;282.17;270.51;20161207;;-0.3;1.14;3,119 ;3,192 ;3,288 
294.29;282.17;270.51;20161208;;-0.3;1.14;;;
294.29;282.17;270.51;20161209;;-0.3;1.14;Sin cotización;Sin cotización;Sin cotización
294.29;282.17;270.51;20161210;;-0.3;1.14;;;
294.29;282.17;270.51;20161211;;-0.3;1.14;;;
294.29;282.17;270.51;20161212;;-0.3;1.14;3,215 ;3,276 ;3,336 
294.29;282.17;270.51;20161213;;-0.3;1.14;3,152 ;3,217 ;3,378 
294.29;282.17;270.51;20161214;;-0.3;1.14;3,137 ;3,218 ;3,375 
294.29;282.17;270.51;20161215;;-0.3;1.14;3,173 ;3,246 ;3,393 
294.29;282.17;270.51;20161216;;-0.3;1.14;3,119 ;3,217 ;3,377 
294.29;282.17;270.51;20161217;;-0.3;1.14;;;
294.29;282.17;270.51;20161218;;-0.3;1.14;;;
294.29;282.17;270.51;20161219;;-0.3;1.14;3,121 ;3,218 ;3,375 
294.29;282.17;270.51;20161220;;-0.3;1.14;3,097 ;3,217 ;3,377 
294.29;282.17;270.51;20161221;;-0.3;1.14;3,122 ;3,192 ;3,377 
294.29;282.17;270.51;20161222;;-0.3;1.14;3,118 ;3,217 ;3,377 
294.29;282.17;270.51;20161223;;-0.3;1.14;Sin cotización;Sin cotización;Sin cotización
294.29;282.17;270.51;20161224;;-0.3;1.14;;;
294.29;282.17;270.51;20161225;;-0.3;1.14;;;
294.29;282.17;270.51;20161226;;-0.3;1.14;;;
294.29;282.17;270.51;20161227;;-0.3;1.14;3,167 ;3,215 ;3,333 
294.29;282.17;270.51;20161228;;-0.3;1.14;3,133 ;3,229 ;3,352 
294.29;282.17;270.51;20161229;;-0.3;1.14;3,130 ;3,210 ;3,370 
294.29;282.17;270.51;20161230;;-0.3;1.14;3,197 ;3,275 ;3,335 
294.29;282.17;270.51;20161231;;-0.3;1.14;;;
NA;NA;NA;20170101;;2;15.09;;;
NA;NA;NA;20170102;;2;15.09;;;
NA;NA;NA;20170103;;2;15.09;3,173 ;3,276 ;3,366 
NA;NA;NA;20170104;;2;15.09;3,177 ;3,258 ;3,358 
NA;NA;NA;20170105;;2;15.09;Sin cotización;Sin cotización;Sin cotización
NA;NA;NA;20170106;;2;15.09;;;
NA;NA;NA;20170107;;2;15.09;;;
NA;NA;NA;20170108;;2;15.09;;;
NA;NA;NA;20170109;;2;15.09;3,246 ;3,318 ;3,378 
NA;NA;NA;20170110;;2;15.09;3,243 ;3,304 ;3,384 
NA;NA;NA;20170111;;2;15.09;3,276 ;3,378 ;3,486 
NA;NA;NA;20170112;;2;15.09;3,276 ;3,378 ;3,486 
NA;NA;NA;20170113;;2;15.09;3,366 ;3,426 ;3,486 
NA;NA;NA;20170114;;2;15.09;;;
NA;NA;NA;20170115;;2;15.09;;;
NA;NA;NA;20170116;;2;15.09;3,335 ;3,467 ;3,576 
NA;NA;NA;20170117;;2;15.09;3,335 ;3,485 ;3,576 
NA;NA;NA;20170118;;2;15.09;3,335 ;3,485 ;3,576 
NA;NA;NA;20170119;;2;15.09;3,342 ;3,446 ;3,548 
NA;NA;NA;20170120;;2;15.09;3,395 ;3,485 ;3,576 
NA;NA;NA;20170121;;2;15.09;;;
NA;NA;NA;20170122;;2;15.09;;;
NA;NA;NA;20170123;;2;15.09;3,423 ;3,478 ;3,585 
NA;NA;NA;20170124;;2;15.09;3,396 ;3,486 ;3,576 
NA;NA;NA;20170125;;2;15.09;3,396 ;3,516 ;3,606 
NA;NA;NA;20170126;;2;15.09;3,395 ;3,485 ;3,582 
NA;NA;NA;20170127;;2;15.09;3,409 ;3,491 ;3,594 
NA;NA;NA;20170128;;2;15.09;;;
NA;NA;NA;20170129;;2;15.09;;;
NA;NA;NA;20170130;;2;15.09;3,429 ;3,558 ;3,631 
NA;NA;NA;20170131;;2;15.09;3,436 ;3,545 ;3,617 
NA;NA;NA;20170201;;2;15.09;3,465 ;3,538 ;3,620 
NA;NA;NA;20170202;;2;15.09;3,468 ;3,558 ;3,631 
NA;NA;NA;20170203;;2;15.09;3,468 ;3,558 ;3,631 
NA;NA;NA;20170204;;2;15.09;;;
NA;NA;NA;20170205;;2;15.09;;;
NA;NA;NA;20170206;;2;15.09;3,479 ;3,589 ;3,668 
NA;NA;NA;20170207;;2;15.09;3,454 ;3,564 ;3,643 
NA;NA;NA;20170208;;2;15.09;3,442 ;3,548 ;3,628 
NA;NA;NA;20170209;;2;15.09;3,472 ;3,548 ;3,649 
NA;NA;NA;20170210;;2;15.09;3,446 ;3,523 ;3,599 
NA;NA;NA;20170211;;2;15.09;;;
NA;NA;NA;20170212;;2;15.09;;;
NA;NA;NA;20170213;;2;15.09;3,520 ;3,620 ;3,670 
NA;NA;NA;20170214;;2;15.09;3,538 ;3,639 ;3,721 
NA;NA;NA;20170215;;2;15.09;3,576 ;3,696 ;3,786 
NA;NA;NA;20170216;;2;15.09;3,646 ;3,708 ;3,772 
NA;NA;NA;20170217;;2;15.09;3,634 ;3,717 ;3,778 
NA;NA;NA;20170218;;2;15.09;;;
NA;NA;NA;20170219;;2;15.09;;;
NA;NA;NA;20170220;;2;15.09;3,666 ;3,720 ;3,786 
NA;NA;NA;20170221;;2;15.09;3,658 ;3,720 ;3,778 
NA;NA;NA;20170222;;2;15.09;3,620 ;3,680 ;3,730 
NA;NA;NA;20170223;;2;15.09;3,643 ;3,692 ;3,772 
NA;NA;NA;20170224;;2;15.09;3,668 ;3,717 ;3,772 
NA;NA;NA;20170225;;2;15.09;;;
NA;NA;NA;20170226;;2;15.09;;;
NA;NA;NA;20170227;;2;15.09;3,618 ;3,666 ;3,714 
NA;NA;NA;20170228;;2;15.09;;;
NA;NA;NA;20170301;;2;15.09;3,563 ;3,664 ;3,723 
NA;NA;NA;20170302;;2;15.09;Sin cotización;Sin cotización;Sin cotización
NA;NA;NA;20170303;;2;15.09;3,602 ;3,656 ;3,720 
NA;NA;NA;20170304;;2;15.09;;;
NA;NA;NA;20170305;;2;15.09;;;
NA;NA;NA;20170306;;2;15.09;3,594 ;3,618 ;3,666 
NA;NA;NA;20170307;;2;15.09;3,592 ;3,644 ;3,693 
NA;NA;NA;20170308;;2;15.09;3,558 ;3,609 ;3,658 
NA;NA;NA;20170309;;2;15.09;3,567 ;3,619 ;3,668 
NA;NA;NA;20170310;;2;15.09;3,567 ;3,619 ;3,668 
NA;NA;NA;20170311;;2;15.09;;;
NA;NA;NA;20170312;;2;15.09;;;
NA;NA;NA;20170313;;2;15.09;Sin cotización;Sin cotización;Sin cotización
NA;NA;NA;20170314;;2;15.09;3,658 ;3,729 ;3,803 
NA;NA;NA;20170315;;2;15.09;3,645 ;3,709 ;3,792 
NA;NA;NA;20170316;;2;15.09;3,595 ;3,645 ;3,745 
NA;NA;NA;20170317;;2;15.09;3,618 ;3,666 ;3,768 
NA;NA;NA;20170318;;2;15.09;;;
NA;NA;NA;20170319;;2;15.09;;;
NA;NA;NA;20170320;;2;15.09;Sin cotización;Sin cotización;Sin cotización
NA;NA;NA;20170321;;2;15.09;3,570 ;3,622 ;3,723 
NA;NA;NA;20170322;;2;15.09;3,576 ;3,642 ;3,726 
NA;NA;NA;20170323;;2;15.09;3,572 ;3,660 ;3,755 
NA;NA;NA;20170324;;2;15.09;3,594 ;3,668 ;3,769 
NA;NA;NA;20170325;;2;15.09;;;
NA;NA;NA;20170326;;2;15.09;;;
NA;NA;NA;20170327;;2;15.09;3,648 ;3,693 ;3,769 
NA;NA;NA;20170328;;2;15.09;3,619 ;3,685 ;3,752 
NA;NA;NA;20170329;;2;15.09;Sin cotización;Sin cotización;Sin cotización
NA;NA;NA;20170330;;2;15.09;3,618 ;3,666 ;3,768 
NA;NA;NA;20170331;;2;15.09;3,609 ;3,658 ;3,736 
NA;NA;NA;20170401;;2;30.89;;;
NA;NA;NA;20170402;;2;30.89;;;
NA;NA;NA;20170403;;2;30.89;3,602 ;3,668 ;3,738 
NA;NA;NA;20170404;;2;30.89;3,622 ;3,674 ;3,748 
NA;NA;NA;20170405;;2;30.89;3,642 ;3,696 ;3,756 
NA;NA;NA;20170406;;2;30.89;3,631 ;3,683 ;3,763 
NA;NA;NA;20170407;;2;30.89;3,666 ;3,714 ;3,768 
NA;NA;NA;20170408;;2;30.89;;;
NA;NA;NA;20170409;;2;30.89;;;
NA;NA;NA;20170410;;2;30.89;3,643 ;3,717 ;3,794 
NA;NA;NA;20170411;;2;30.89;3,650 ;3,720 ;3,770 
NA;NA;NA;20170412;;2;30.89;Sin cotización;Sin cotización;Sin cotización
NA;NA;NA;20170413;;2;30.89;;;
NA;NA;NA;20170414;;2;30.89;;;
NA;NA;NA;20170415;;2;30.89;;;
NA;NA;NA;20170416;;2;30.89;;;
NA;NA;NA;20170417;;2;30.89;Sin cotización;Sin cotización;Sin cotización
NA;NA;NA;20170418;;2;30.89;3,679 ;3,742 ;3,808 
NA;NA;NA;20170419;;2;30.89;3,698 ;3,747 ;3,818 
NA;NA;NA;20170420;;2;30.89;3,748 ;3,797 ;3,843 
NA;NA;NA;20170421;;2;30.89;3,742 ;3,788 ;3,837 
NA;NA;NA;20170422;;2;30.89;;;
NA;NA;NA;20170423;;2;30.89;;;
NA;NA;NA;20170424;;2;30.89;3,738 ;3,774 ;3,822 
NA;NA;NA;20170425;;2;30.89;3,786 ;3,816 ;3,877 
NA;NA;NA;20170426;;2;30.89;3,809 ;3,858 ;3,913 
NA;NA;NA;20170427;;2;30.89;3,768 ;3,835 ;3,918 
NA;NA;NA;20170428;;2;30.89;3,818 ;3,864 ;3,922 
NA;NA;NA;20170429;;2;30.89;;;
NA;NA;NA;20170430;;2;30.89;;;
NA;NA;NA;20170501;;2;30.89;;;
NA;NA;NA;20170502;;2;30.89;3,816 ;3,876 ;3,924 
NA;NA;NA;20170503;;2;30.89;3,820 ;3,870 ;3,920 
NA;NA;NA;20170504;;2;30.89;3,820 ;3,870 ;3,920 
NA;NA;NA;20170505;;2;30.89;3,818 ;3,873 ;3,922 
NA;NA;NA;20170506;;2;30.89;;;
NA;NA;NA;20170507;;2;30.89;;;
NA;NA;NA;20170508;;2;30.89;3,795 ;3,835 ;3,895 
NA;NA;NA;20170509;;2;30.89;3,833 ;3,882 ;3,922 
NA;NA;NA;20170510;;2;30.89;;;
NA;NA;NA;20170511;;2;30.89;;;
NA;NA;NA;20170512;;2;30.89;3,818 ;3,867 ;3,932 
NA;NA;NA;20170513;;2;30.89;;;
NA;NA;NA;20170514;;2;30.89;;;
NA;NA;NA;20170515;;2;30.89;Sin cotización;Sin cotización;Sin cotización
NA;NA;NA;20170516;;2;30.89;3,876 ;3,937 ;3,967 
NA;NA;NA;20170517;;2;30.89;3,848 ;3,903 ;3,943 
NA;NA;NA;20170518;;2;30.89;3,848 ;3,903 ;3,943 
NA;NA;NA;20170519;;2;30.89;3,822 ;3,868 ;3,919 
NA;NA;NA;20170520;;2;30.89;;;
NA;NA;NA;20170521;;2;30.89;;;
NA;NA;NA;20170522;;2;30.89;Sin cotización;Sin cotización;Sin cotización
NA;NA;NA;20170523;;2;30.89;3,786 ;3,835 ;3,871 
NA;NA;NA;20170524;;2;30.89;3,756 ;3,798 ;3,847 
NA;NA;NA;20170525;;2;30.89;3,756 ;3,798 ;3,865 
NA;NA;NA;20170526;;2;30.89;3,774 ;3,816 ;3,877 
NA;NA;NA;20170527;;2;30.89;;;
NA;NA;NA;20170528;;2;30.89;;;
NA;NA;NA;20170529;;2;30.89;3,768 ;3,816 ;3,864 
NA;NA;NA;20170530;;2;30.89;Sin cotización;Sin cotización;Sin cotización
NA;NA;NA;20170531;;2;30.89;3,774 ;3,828 ;3,877 
NA;NA;NA;20170601;;2;30.89;Sin cotización;Sin cotización;Sin cotización
NA;NA;NA;20170602;;2;30.89;Sin cotización;Sin cotización;Sin cotización
NA;NA;NA;20170603;;2;30.89;;;
NA;NA;NA;20170604;;2;30.89;;;
NA;NA;NA;20170605;;2;30.89;Sin cotización;Sin cotización;Sin cotización
NA;NA;NA;20170606;;2;30.89;3,745 ;3,797 ;3,852 
NA;NA;NA;20170607;;2;30.89;3,735 ;3,797 ;3,852 
NA;NA;NA;20170608;;2;30.89;3,720 ;3,770 ;3,870 
NA;NA;NA;20170609;;2;30.89;3,720 ;3,770 ;3,870 
NA;NA;NA;20170610;;2;30.89;;;
NA;NA;NA;20170611;;2;30.89;;;
NA;NA;NA;20170612;;2;30.89;3,720 ;3,770 ;3,870 
NA;NA;NA;20170613;;2;30.89;3,717 ;3,769 ;3,843 
NA;NA;NA;20170614;;2;30.89;3,717 ;3,769 ;3,843 
NA;NA;NA;20170615;;2;30.89;3,720 ;3,820 ;3,870 
NA;NA;NA;20170616;;2;30.89;3,720 ;3,770 ;3,870 
NA;NA;NA;20170617;;2;30.89;;;
NA;NA;NA;20170618;;2;30.89;;;
NA;NA;NA;20170619;;2;30.89;3,770 ;3,820 ;3,870 
NA;NA;NA;20170620;;2;30.89;3,717 ;3,769 ;3,843 
NA;NA;NA;20170621;;2;30.89;3,710 ;3,755 ;3,845 
NA;NA;NA;20170622;;2;30.89;Sin cotización;Sin cotización;Sin cotización
NA;NA;NA;20170623;;2;30.89;3,670 ;3,770 ;3,870 
NA;NA;NA;20170624;;2;30.89;;;
NA;NA;NA;20170625;;2;30.89;;;
NA;NA;NA;20170626;;2;30.89;3,670 ;3,770 ;3,870 
NA;NA;NA;20170627;;2;30.89;3,670 ;3,770 ;3,870 
NA;NA;NA;20170628;;2;30.89;3,670 ;3,770 ;3,870 
NA;NA;NA;20170629;;2;30.89;3,670 ;3,770 ;3,870 
NA;NA;NA;20170630;;2;30.89;3,665 ;3,735 ;3,816 
NA;NA;NA;20170701;;2;21.22;;;
NA;NA;NA;20170702;;2;21.22;;;
NA;NA;NA;20170703;;2;21.22;3,665 ;3,745 ;3,816 
NA;NA;NA;20170704;;2;21.22;3,669 ;3,720 ;3,819 
NA;NA;NA;20170705;;2;21.22;3,669 ;3,720 ;3,819 
NA;NA;NA;20170706;;2;21.22;3,650 ;3,693 ;3,779 
NA;NA;NA;20170707;;2;21.22;Sin cotización;Sin cotización;Sin cotización
NA;NA;NA;20170708;;2;21.22;;;
NA;NA;NA;20170709;;2;21.22;;;
NA;NA;NA;20170710;;2;21.22;3,647 ;3,699 ;3,770 
NA;NA;NA;20170711;;2;21.22;Sin cotización;Sin cotización;Sin cotización
NA;NA;NA;20170712;;2;21.22;3,620 ;3,670 ;3,745 
NA;NA;NA;20170713;;2;21.22;Sin cotización;Sin cotización;Sin cotización
NA;NA;NA;20170714;;2;21.22;3,520 ;3,594 ;3,668 
NA;NA;NA;20170715;;2;21.22;;;
NA;NA;NA;20170716;;2;21.22;;;
NA;NA;NA;20170717;;2;21.22;3,570 ;3,606 ;3,666 
NA;NA;NA;20170718;;2;21.22;3,516 ;3,570 ;3,672 
NA;NA;NA;20170719;;2;21.22;3,478 ;3,518 ;3,650 
NA;NA;NA;20170720;;2;21.22;3,478 ;3,543 ;3,623 
NA;NA;NA;20170721;;2;21.22;3,486 ;3,516 ;3,576 
NA;NA;NA;20170722;;2;21.22;;;
NA;NA;NA;20170723;;2;21.22;;;
NA;NA;NA;20170724;;2;21.22;3,486 ;3,516 ;3,576 
NA;NA;NA;20170725;;2;21.22;Sin cotización;Sin cotización;Sin cotización
NA;NA;NA;20170726;;2;21.22;3,521 ;3,619 ;3,665 
NA;NA;NA;20170727;;2;21.22;3,521 ;3,619 ;3,719 
NA;NA;NA;20170728;;2;21.22;3,486 ;3,516 ;3,665 
NA;NA;NA;20170729;;2;21.22;;;
NA;NA;NA;20170730;;2;21.22;;;
NA;NA;NA;20170731;;2;21.22;3,570 ;3,620 ;3,685 
NA;NA;NA;20170801;;2;21.22;3,619 ;3,668 ;3,720 
NA;NA;NA;20170802;;2;21.22;3,619 ;3,668 ;3,720 
NA;NA;NA;20170803;;2;21.22;3,625 ;3,668 ;3,717 
NA;NA;NA;20170804;;2;21.22;3,619 ;3,668 ;3,720 
NA;NA;NA;20170805;;2;21.22;;;
NA;NA;NA;20170806;;2;21.22;;;
NA;NA;NA;20170807;;2;21.22;3,619 ;3,668 ;3,720 
NA;NA;NA;20170808;;2;21.22;3,625 ;3,668 ;3,717 
NA;NA;NA;20170809;;2;21.22;Sin cotización;Sin cotización;Sin cotización
NA;NA;NA;20170810;;2;21.22;3,625 ;3,668 ;3,723 
NA;NA;NA;20170811;;2;21.22;Sin cotización;Sin cotización;Sin cotización
NA;NA;NA;20170812;;2;21.22;;;
NA;NA;NA;20170813;;2;21.22;;;
NA;NA;NA;20170814;;2;21.22;Sin cotización;Sin cotización;Sin cotización
NA;NA;NA;20170815;;2;21.22;;;
NA;NA;NA;20170816;;2;21.22;Sin cotización;Sin cotización;Sin cotización
NA;NA;NA;20170817;;2;21.22;3,619 ;3,719 ;3,767 
NA;NA;NA;20170818;;2;21.22;Sin cotización;Sin cotización;Sin cotización
NA;NA;NA;20170819;;2;21.22;;;
NA;NA;NA;20170820;;2;21.22;;;
NA;NA;NA;20170821;;2;21.22;3,619 ;3,719 ;3,767 
NA;NA;NA;20170822;;2;21.22;3,619 ;3,668 ;3,719 
NA;NA;NA;20170823;;2;21.22;Sin cotización;Sin cotización;Sin cotización
NA;NA;NA;20170824;;2;21.22;3,619 ;3,720 ;3,769 
NA;NA;NA;20170825;;2;21.22;Sin cotización;Sin cotización;Sin cotización
NA;NA;NA;20170826;;2;21.22;;;
NA;NA;NA;20170827;;2;21.22;;;
NA;NA;NA;20170828;;2;21.22;Sin cotización;Sin cotización;Sin cotización
NA;NA;NA;20170829;;2;21.22;3,668 ;3,719 ;3,769 
NA;NA;NA;20170830;;2;21.22;3,619 ;3,668 ;3,719 
NA;NA;NA;20170831;;2;21.22;Sin cotización;Sin cotización;Sin cotización
NA;NA;NA;20170901;;2;21.22;3,619 ;3,668 ;3,699 
NA;NA;NA;20170902;;2;21.22;;;
NA;NA;NA;20170903;;2;21.22;;;
NA;NA;NA;20170904;;2;21.22;3,595 ;3,670 ;3,745 
NA;NA;NA;20170905;;2;21.22;3,619 ;3,668 ;3,720 
NA;NA;NA;20170906;;2;21.22;3,594 ;3,643 ;3,714 
NA;NA;NA;20170907;;2;21.22;3,594 ;3,642 ;3,738 
NA;NA;NA;20170908;;2;21.22;3,576 ;3,618 ;3,678 
NA;NA;NA;20170909;;2;21.22;;;
NA;NA;NA;20170910;;2;21.22;;;
NA;NA;NA;20170911;;2;21.22;3,583 ;3,634 ;3,693 
NA;NA;NA;20170912;;2;21.22;3,589 ;3,619 ;3,672 
NA;NA;NA;20170913;;2;21.22;3,558 ;3,618 ;3,666 
NA;NA;NA;20170914;;2;21.22;3,564 ;3,609 ;3,668 
NA;NA;NA;20170915;;2;21.22;3,549 ;3,576 ;3,623 
NA;NA;NA;20170916;;2;21.22;;;
NA;NA;NA;20170917;;2;21.22;;;
NA;NA;NA;20170918;;2;21.22;3,518 ;3,573 ;3,644 
NA;NA;NA;20170919;;2;21.22;Sin cotización;Sin cotización;Sin cotización
NA;NA;NA;20170920;;2;21.22;3,512 ;3,562 ;3,635 
NA;NA;NA;20170921;;2;21.22;3,472 ;3,546 ;3,644 
NA;NA;NA;20170922;;2;21.22;3,472 ;3,546 ;3,644 
NA;NA;NA;20170923;;2;21.22;;;
NA;NA;NA;20170924;;2;21.22;;;
NA;NA;NA;20170925;;2;21.22;3,497 ;3,546 ;3,619 
NA;NA;NA;20170926;;2;21.22;3,488 ;3,546 ;3,619 
NA;NA;NA;20170927;;2;21.22;3,538 ;3,602 ;3,652 
NA;NA;NA;20170928;;2;21.22;3,548 ;3,619 ;3,668 
NA;NA;NA;20170929;;2;21.22;Sin cotización;Sin cotización;Sin cotización
NA;NA;NA;20170930;;2;21.22;;;
NA;NA;NA;20171001;;2;10.1;;;
NA;NA;NA;20171002;;2;10.1;3,533 ;3,598 ;3,668 
NA;NA;NA;20171003;;2;10.1;3,546 ;3,576 ;3,666 
NA;NA;NA;20171004;;2;10.1;3,558 ;3,609 ;3,658 
NA;NA;NA;20171005;;2;10.1;3,573 ;3,640 ;3,684 
NA;NA;NA;20171006;;2;10.1;3,565 ;3,624 ;3,666 
NA;NA;NA;20171007;;2;10.1;;;
NA;NA;NA;20171008;;2;10.1;;;
NA;NA;NA;20171009;;2;10.1;Sin cotización;Sin cotización;Sin cotización
NA;NA;NA;20171010;;2;10.1;3,573 ;3,644 ;3,693 
NA;NA;NA;20171011;;2;10.1;3,573 ;3,644 ;3,693 
NA;NA;NA;20171012;;2;10.1;;;
NA;NA;NA;20171013;;2;10.1;3,576 ;3,618 ;3,666 
NA;NA;NA;20171014;;2;10.1;;;
NA;NA;NA;20171015;;2;10.1;;;
NA;NA;NA;20171016;;2;10.1;3,598 ;3,647 ;3,696 
NA;NA;NA;20171017;;2;10.1;3,598 ;3,644 ;3,693 
NA;NA;NA;20171018;;2;10.1;Sin cotización;Sin cotización;Sin cotización
NA;NA;NA;20171019;;2;10.1;3,539 ;3,619 ;3,668 
NA;NA;NA;20171020;;2;10.1;3,527 ;3,573 ;3,644 
NA;NA;NA;20171021;;2;10.1;;;
NA;NA;NA;20171022;;2;10.1;;;
NA;NA;NA;20171023;;2;10.1;3,521 ;3,598 ;3,650 
NA;NA;NA;20171024;;2;10.1;Sin cotización;Sin cotización;Sin cotización
NA;NA;NA;20171025;;2;10.1;3,518 ;3,598 ;3,647 
NA;NA;NA;20171026;;2;10.1;3,518 ;3,588 ;3,638 
NA;NA;NA;20171027;;2;10.1;3,516 ;3,576 ;3,624 
NA;NA;NA;20171028;;2;10.1;;;
NA;NA;NA;20171029;;2;10.1;;;
NA;NA;NA;20171030;;2;10.1;Sin cotización;Sin cotización;Sin cotización
NA;NA;NA;20171031;;2;10.1;3,534 ;3,576 ;3,618 
NA;NA;NA;20171101;;2;10.1;;;
NA;NA;NA;20171102;;2;10.1;Sin cotización;Sin cotización;Sin cotización
NA;NA;NA;20171103;;2;10.1;3,534 ;3,576 ;3,618 
NA;NA;NA;20171104;;2;10.1;;;
NA;NA;NA;20171105;;2;10.1;;;
NA;NA;NA;20171106;;2;10.1;3,516 ;3,576 ;3,618 
NA;NA;NA;20171107;;2;10.1;3,495 ;3,548 ;3,609 
NA;NA;NA;20171108;;2;10.1;Sin cotización;Sin cotización;Sin cotización
NA;NA;NA;20171109;;2;10.1;3,426 ;3,468 ;3,528 
NA;NA;NA;20171110;;2;10.1;3,414 ;3,473 ;3,512 
NA;NA;NA;20171111;;2;10.1;;;
NA;NA;NA;20171112;;2;10.1;;;
NA;NA;NA;20171113;;2;10.1;3,383 ;3,451 ;3,522 
NA;NA;NA;20171114;;2;10.1;3,374 ;3,445 ;3,494 
NA;NA;NA;20171115;;2;10.1;3,352 ;3,399 ;3,465 
NA;NA;NA;20171116;;2;10.1;3,354 ;3,408 ;3,438 
NA;NA;NA;20171117;;2;10.1;3,322 ;3,374 ;3,414 
NA;NA;NA;20171118;;2;10.1;;;
NA;NA;NA;20171119;;2;10.1;;;
NA;NA;NA;20171120;;2;10.1;3,324 ;3,378 ;3,408 
NA;NA;NA;20171121;;2;10.1;3,318 ;3,378 ;3,396 
NA;NA;NA;20171122;;2;10.1;3,323 ;3,372 ;3,453 
NA;NA;NA;20171123;;2;10.1;3,328 ;3,433 ;3,488 
NA;NA;NA;20171124;;2;10.1;3,366 ;3,456 ;3,492 
NA;NA;NA;20171125;;2;10.1;;;
NA;NA;NA;20171126;;2;10.1;;;
NA;NA;NA;20171127;;2;10.1;3,372 ;3,450 ;3,498 
NA;NA;NA;20171128;;2;10.1;3,399 ;3,445 ;3,494 
NA;NA;NA;20171129;;2;10.1;3,374 ;3,445 ;3,503 
NA;NA;NA;20171130;;2;10.1;3,374 ;3,420 ;3,497 
NA;NA;NA;20171201;;2;10.1;3,368 ;3,423 ;3,472 
NA;NA;NA;20171202;;2;10.1;;;
NA;NA;NA;20171203;;2;10.1;;;
NA;NA;NA;20171204;;2;10.1;3,366 ;3,426 ;3,474 
NA;NA;NA;20171205;;2;10.1;3,366 ;3,426 ;3,474 
NA;NA;NA;20171206;;2;10.1;;;
NA;NA;NA;20171207;;2;10.1;3,368 ;3,445 ;3,488 
NA;NA;NA;20171208;;2;10.1;;;
NA;NA;NA;20171209;;2;10.1;;;
NA;NA;NA;20171210;;2;10.1;;;
NA;NA;NA;20171211;;2;10.1;Sin cotización;Sin cotización;Sin cotización
NA;NA;NA;20171212;;2;10.1;3,343 ;3,417 ;3,463 
NA;NA;NA;20171213;;2;10.1;3,318 ;3,369 ;3,410 
NA;NA;NA;20171214;;2;10.1;3,366 ;3,414 ;3,450 
NA;NA;NA;20171215;;2;10.1;3,366 ;3,414 ;3,450 
NA;NA;NA;20171216;;2;10.1;;;
NA;NA;NA;20171217;;2;10.1;;;
NA;NA;NA;20171218;;2;10.1;3,366 ;3,408 ;3,456 
NA;NA;NA;20171219;;2;10.1;3,372 ;3,426 ;3,474 
NA;NA;NA;20171220;;2;10.1;3,372 ;3,426 ;3,474 
NA;NA;NA;20171221;;2;10.1;3,372 ;3,426 ;3,474 
NA;NA;NA;20171222;;2;10.1;3,366 ;3,420 ;3,480 
NA;NA;NA;20171223;;2;10.1;;;
NA;NA;NA;20171224;;2;10.1;;;
NA;NA;NA;20171225;;2;10.1;;;
NA;NA;NA;20171226;;2;10.1;3,372 ;3,426 ;3,474 
NA;NA;NA;20171227;;2;10.1;3,361 ;3,413 ;3,462 
NA;NA;NA;20171228;;2;10.1;3,372 ;3,426 ;3,474 
NA;NA;NA;20171229;;2;10.1;3,372 ;3,426 ;3,474 
NA;NA;NA;20171230;;2;10.1;;;
NA;NA;NA;20171231;;2;10.1;;;
NA;NA;NA;20180101;;1.7;-5.94;;;
NA;NA;NA;20180102;;1.7;-5.94;3,372 ;3,426 ;3,474 
NA;NA;NA;20180103;;1.7;-5.94;3,384 ;3,426 ;3,474 
NA;NA;NA;20180104;;1.7;-5.94;3,384 ;3,426 ;3,474 
NA;NA;NA;20180105;;1.7;-5.94;;;
NA;NA;NA;20180106;;1.7;-5.94;;;
NA;NA;NA;20180107;;1.7;-5.94;;;
NA;NA;NA;20180108;;1.7;-5.94;3,384 ;3,426 ;3,474 
NA;NA;NA;20180109;;1.7;-5.94;3,384 ;3,444 ;3,486 
NA;NA;NA;20180110;;1.7;-5.94;3,426 ;3,486 ;3,546 
NA;NA;NA;20180111;;1.7;-5.94;3,423 ;3,478 ;3,536 
NA;NA;NA;20180112;;1.7;-5.94;Sin cotización;Sin cotización;Sin cotización
NA;NA;NA;20180113;;1.7;-5.94;;;
NA;NA;NA;20180114;;1.7;-5.94;;;
NA;NA;NA;20180115;;1.7;-5.94;3,423 ;3,503 ;3,552 
NA;NA;NA;20180116;;1.7;-5.94;3,426 ;3,486 ;3,534 
NA;NA;NA;20180117;;1.7;-5.94;3,445 ;3,500 ;3,552 
NA;NA;NA;20180118;;1.7;-5.94;3,445 ;3,494 ;3,546 
NA;NA;NA;20180119;;1.7;-5.94;3,420 ;3,463 ;3,512 
NA;NA;NA;20180120;;1.7;-5.94;;;
NA;NA;NA;20180121;;1.7;-5.94;;;
NA;NA;NA;20180122;;1.7;-5.94;3,420 ;3,468 ;3,504 
NA;NA;NA;20180123;;1.7;-5.94;3,420 ;3,468 ;3,504 
NA;NA;NA;20180124;;1.7;-5.94;3,420 ;3,460 ;3,567 
NA;NA;NA;20180125;;1.7;-5.94;3,420 ;3,468 ;3,516 
NA;NA;NA;20180126;;1.7;-5.94;Sin cotización;Sin cotización;Sin cotización
NA;NA;NA;20180127;;1.7;-5.94;;;
NA;NA;NA;20180128;;1.7;-5.94;;;
NA;NA;NA;20180129;;1.7;-5.94;3,369 ;3,420 ;3,472 
NA;NA;NA;20180130;;1.7;-5.94;3,378 ;3,420 ;3,468 
NA;NA;NA;20180131;;1.7;-5.94;3,374 ;3,445 ;3,504 
NA;NA;NA;20180201;;1.7;-5.94;3,342 ;3,420 ;3,479 
NA;NA;NA;20180202;;1.7;-5.94;3,366 ;3,408 ;3,468 
NA;NA;NA;20180203;;1.7;-5.94;;;
NA;NA;NA;20180204;;1.7;-5.94;;;
NA;NA;NA;20180205;;1.7;-5.94;Sin cotización;Sin cotización;Sin cotización
NA;NA;NA;20180206;;1.7;-5.94;Sin cotización;Sin cotización;Sin cotización
NA;NA;NA;20180207;;1.7;-5.94;3,318 ;3,366 ;3,474 
NA;NA;NA;20180208;;1.7;-5.94;3,294 ;3,343 ;3,423 
NA;NA;NA;20180209;;1.7;-5.94;3,318 ;3,366 ;3,426 
NA;NA;NA;20180210;;1.7;-5.94;;;
NA;NA;NA;20180211;;1.7;-5.94;;;
NA;NA;NA;20180212;;1.7;-5.94;3,273 ;3,319 ;3,443 
NA;NA;NA;20180213;;1.7;-5.94;3,233 ;3,307 ;3,428 
NA;NA;NA;20180214;;1.7;-5.94;Sin cotización;Sin cotización;Sin cotización
NA;NA;NA;20180215;;1.7;-5.94;3,246 ;3,294 ;3,396 
NA;NA;NA;20180216;;1.7;-5.94;3,221 ;3,276 ;3,366 
NA;NA;NA;20180217;;1.7;-5.94;;;
NA;NA;NA;20180218;;1.7;-5.94;;;
NA;NA;NA;20180219;;1.7;-5.94;Sin cotización;Sin cotización;Sin cotización
NA;NA;NA;20180220;;1.7;-5.94;3,221 ;3,278 ;3,396 
NA;NA;NA;20180221;;1.7;-5.94;3,197 ;3,270 ;3,378 
NA;NA;NA;20180222;;1.7;-5.94;3,179 ;3,270 ;3,378 
NA;NA;NA;20180223;;1.7;-5.94;Sin cotización;Sin cotización;Sin cotización
NA;NA;NA;20180224;;1.7;-5.94;;;
NA;NA;NA;20180225;;1.7;-5.94;;;
NA;NA;NA;20180226;;1.7;-5.94;3,120 ;3,169 ;3,271 
NA;NA;NA;20180227;;1.7;-5.94;Sin cotización;Sin cotización;Sin cotización
NA;NA;NA;20180228;;1.7;-5.94;;;
NA;NA;NA;20180301;;1.7;-5.94;Sin cotización;Sin cotización;Sin cotización
NA;NA;NA;20180302;;1.7;-5.94;2,975 ;3,005 ;3,155 
NA;NA;NA;20180303;;1.7;-5.94;;;
NA;NA;NA;20180304;;1.7;-5.94;;;
NA;NA;NA;20180305;;1.7;-5.94;2,927 ;2,975 ;3,137 
NA;NA;NA;20180306;;1.7;-5.94;Sin cotización;Sin cotización;Sin cotización
NA;NA;NA;20180307;;1.7;-5.94;2,782 ;2,878 ;3,063 
NA;NA;NA;20180308;;1.7;-5.94;2,740 ;2,839 ;3,021 
NA;NA;NA;20180309;;1.7;-5.94;2,825 ;2,897 ;3,185 
NA;NA;NA;20180310;;1.7;-5.94;;;
NA;NA;NA;20180311;;1.7;-5.94;;;
NA;NA;NA;20180312;;1.7;-5.94;Sin cotización;Sin cotización;Sin cotización
NA;NA;NA;20180313;;1.7;-5.94;2,795 ;2,873 ;2,975 
NA;NA;NA;20180314;;1.7;-5.94;2,675 ;2,825 ;2,975 
NA;NA;NA;20180315;;1.7;-5.94;Sin cotización;Sin cotización;Sin cotización
NA;NA;NA;20180316;;1.7;-5.94;2,608 ;2,705 ;2,915 
NA;NA;NA;20180317;;1.7;-5.94;;;
NA;NA;NA;20180318;;1.7;-5.94;;;
NA;NA;NA;20180319;;1.7;-5.94;2,546 ;2,648 ;2,872 
NA;NA;NA;20180320;;1.7;-5.94;2,572 ;2,675 ;3,005 
NA;NA;NA;20180321;;1.7;-5.94;2,572 ;2,675 ;3,005 
NA;NA;NA;20180322;;1.7;-5.94;Sin cotización;Sin cotización;Sin cotización
NA;NA;NA;20180323;;1.7;-5.94;2,577 ;2,675 ;2,975 
NA;NA;NA;20180324;;1.7;-5.94;;;
NA;NA;NA;20180325;;1.7;-5.94;;;
NA;NA;NA;20180326;;1.7;-5.94;Sin cotización;Sin cotización;Sin cotización
NA;NA;NA;20180327;;1.7;-5.94;2,578 ;2,675 ;2,975 
NA;NA;NA;20180328;;1.7;-5.94;Sin cotización;Sin cotización;Sin cotización
NA;NA;NA;20180329;;1.7;-5.94;;;
NA;NA;NA;20180330;;1.7;-5.94;;;
NA;NA;NA;20180331;;1.7;-5.94;;;
NA;NA;NA;20180401;;1.7;-30.89;;;
NA;NA;NA;20180402;;1.7;-30.89;Sin cotización;Sin cotización;Sin cotización
NA;NA;NA;20180403;;1.7;-30.89;2,584 ;2,675 ;2,975 
NA;NA;NA;20180404;;1.7;-30.89;2,619 ;2,723 ;2,975 
NA;NA;NA;20180405;;1.7;-30.89;2,675 ;2,735 ;2,975 
NA;NA;NA;20180406;;1.7;-30.89;2,648 ;2,749 ;2,975 
NA;NA;NA;20180407;;1.7;-30.89;;;
NA;NA;NA;20180408;;1.7;-30.89;;;
NA;NA;NA;20180409;;1.7;-30.89;Sin cotización;Sin cotización;Sin cotización
NA;NA;NA;20180410;;1.7;-30.89;2,675 ;2,765 ;2,993 
NA;NA;NA;20180411;;1.7;-30.89;Sin cotización;Sin cotización;Sin cotización
NA;NA;NA;20180412;;1.7;-30.89;2,675 ;2,765 ;3,005 
NA;NA;NA;20180413;;1.7;-30.89;2,655 ;2,735 ;2,915 
NA;NA;NA;20180414;;1.7;-30.89;;;
NA;NA;NA;20180415;;1.7;-30.89;;;
NA;NA;NA;20180416;;1.7;-30.89;2,656 ;2,735 ;2,915 
NA;NA;NA;20180417;;1.7;-30.89;2,656 ;2,735 ;2,915 
NA;NA;NA;20180418;;1.7;-30.89;2,622 ;2,702 ;2,907 
NA;NA;NA;20180419;;1.7;-30.89;2,644 ;2,705 ;2,915 
NA;NA;NA;20180420;;1.7;-30.89;2,602 ;2,656 ;2,897 
NA;NA;NA;20180421;;1.7;-30.89;;;
NA;NA;NA;20180422;;1.7;-30.89;;;
NA;NA;NA;20180423;;1.7;-30.89;2,584 ;2,644 ;2,897 
NA;NA;NA;20180424;;1.7;-30.89;2,524 ;2,613 ;2,848 
NA;NA;NA;20180425;;1.7;-30.89;2,503 ;2,583 ;2,827 
NA;NA;NA;20180426;;1.7;-30.89;Sin cotización;Sin cotización;Sin cotización
NA;NA;NA;20180427;;1.7;-30.89;Sin cotización;Sin cotización;Sin cotización
NA;NA;NA;20180428;;1.7;-30.89;;;
NA;NA;NA;20180429;;1.7;-30.89;;;
NA;NA;NA;20180430;;1.7;-30.89;Sin cotización;Sin cotización;Sin cotización
NA;NA;NA;20180501;;1.7;-30.89;;;
NA;NA;NA;20180502;;1.7;-30.89;2,458 ;2,506 ;2,765 
NA;NA;NA;20180503;;1.7;-30.89;2,404 ;2,494 ;2,765 
NA;NA;NA;20180504;;1.7;-30.89;2,404 ;2,494 ;2,765 
NA;NA;NA;20180505;;1.7;-30.89;;;
NA;NA;NA;20180506;;1.7;-30.89;;;
NA;NA;NA;20180507;;1.7;-30.89;Sin cotización;Sin cotización;Sin cotización
NA;NA;NA;20180508;;1.7;-30.89;Sin cotización;Sin cotización;Sin cotización
NA;NA;NA;20180509;;1.7;-30.89;2,350 ;2,404 ;2,765 
NA;NA;NA;20180510;;1.7;-30.89;2,302 ;2,350 ;2,765 
NA;NA;NA;20180511;;1.7;-30.89;2,302 ;2,350 ;2,644 
NA;NA;NA;20180512;;1.7;-30.89;;;
NA;NA;NA;20180513;;1.7;-30.89;;;
NA;NA;NA;20180514;;1.7;-30.89;2,254 ;2,308 ;2,644 
NA;NA;NA;20180515;;1.7;-30.89;2,200 ;2,254 ;2,584 
NA;NA;NA;20180516;;1.7;-30.89;2,194 ;2,254 ;2,584 
NA;NA;NA;20180517;;1.7;-30.89;2,194 ;2,224 ;2,584 
NA;NA;NA;20180518;;1.7;-30.89;2,176 ;2,224 ;2,584 
NA;NA;NA;20180519;;1.7;-30.89;;;
NA;NA;NA;20180520;;1.7;-30.89;;;
NA;NA;NA;20180521;;1.7;-30.89;2,182 ;2,224 ;2,584 
NA;NA;NA;20180522;;1.7;-30.89;2,182 ;2,224 ;2,584 
NA;NA;NA;20180523;;1.7;-30.89;2,164 ;2,206 ;2,584 
NA;NA;NA;20180524;;1.7;-30.89;2,151 ;2,203 ;2,492 
NA;NA;NA;20180525;;1.7;-30.89;2,176 ;2,224 ;2,566 
NA;NA;NA;20180526;;1.7;-30.89;;;
NA;NA;NA;20180527;;1.7;-30.89;;;
NA;NA;NA;20180528;;1.7;-30.89;Sin cotización;Sin cotización;Sin cotización
NA;NA;NA;20180529;;1.7;-30.89;2,152 ;2,200 ;2,656 
NA;NA;NA;20180530;;1.7;-30.89;Sin cotización;Sin cotización;Sin cotización
NA;NA;NA;20180531;;1.7;-30.89;Sin cotización;Sin cotización;Sin cotización
NA;NA;NA;20180601;;1.7;-30.89;Sin cotización;Sin cotización;Sin cotización
NA;NA;NA;20180602;;1.7;-30.89;;;
NA;NA;NA;20180603;;1.7;-30.89;;;
NA;NA;NA;20180604;;1.7;-30.89;Sin cotización;Sin cotización;Sin cotización
NA;NA;NA;20180605;;1.7;-30.89;2,228 ;2,270 ;2,572 
NA;NA;NA;20180606;;1.7;-30.89;2,254 ;2,326 ;2,644 
NA;NA;NA;20180607;;1.7;-30.89;2,248 ;2,326 ;2,644 
NA;NA;NA;20180608;;1.7;-30.89;2,344 ;2,404 ;2,675 
NA;NA;NA;20180609;;1.7;-30.89;;;
NA;NA;NA;20180610;;1.7;-30.89;;;
NA;NA;NA;20180611;;1.7;-30.89;;;
NA;NA;NA;20180612;;1.7;-30.89;2,356 ;2,434 ;2,675 
NA;NA;NA;20180613;;1.7;-30.89;2,347 ;2,427 ;2,647 
NA;NA;NA;20180614;;1.7;-30.89;2,350 ;2,434 ;2,662 
NA;NA;NA;20180615;;1.7;-30.89;2,350 ;2,404 ;2,662 
NA;NA;NA;20180616;;1.7;-30.89;;;
NA;NA;NA;20180617;;1.7;-30.89;;;
NA;NA;NA;20180618;;1.7;-30.89;Sin cotización;Sin cotización;Sin cotización
NA;NA;NA;20180619;;1.7;-30.89;2,356 ;2,404 ;2,656 
NA;NA;NA;20180620;;1.7;-30.89;2,356 ;2,404 ;2,656 
NA;NA;NA;20180621;;1.7;-30.89;2,325 ;2,402 ;2,607 
NA;NA;NA;20180622;;1.7;-30.89;2,350 ;2,404 ;2,650 
NA;NA;NA;20180623;;1.7;-30.89;;;
NA;NA;NA;20180624;;1.7;-30.89;;;
NA;NA;NA;20180625;;1.7;-30.89;2,350 ;2,404 ;2,650 
NA;NA;NA;20180626;;1.7;-30.89;2,350 ;2,404 ;2,650 
NA;NA;NA;20180627;;1.7;-30.89;2,374 ;2,446 ;2,650 
NA;NA;NA;20180628;;1.7;-30.89;2,374 ;2,452 ;2,650 
NA;NA;NA;20180629;;1.7;-30.89;2,386 ;2,452 ;2,650 
NA;NA;NA;20180630;;1.7;-30.89;;;
NA;NA;NA;20180701;;1.7;-29.74;;;
NA;NA;NA;20180702;;1.7;-29.74;Sin cotización;Sin cotización;Sin cotización
NA;NA;NA;20180703;;1.7;-29.74;2,404 ;2,464 ;2,650 
NA;NA;NA;20180704;;1.7;-29.74;2,404 ;2,452 ;2,650 
NA;NA;NA;20180705;;1.7;-29.74;2,402 ;2,482 ;2,643 
NA;NA;NA;20180706;;1.7;-29.74;2,446 ;2,494 ;2,687 
NA;NA;NA;20180707;;1.7;-29.74;;;
NA;NA;NA;20180708;;1.7;-29.74;;;
NA;NA;NA;20180709;;1.7;-29.74;2,446 ;2,494 ;2,650 
NA;NA;NA;20180710;;1.7;-29.74;2,446 ;2,494 ;2,650 
NA;NA;NA;20180711;;1.7;-29.74;2,446 ;2,494 ;2,650 
NA;NA;NA;20180712;;1.7;-29.74;2,446 ;2,500 ;2,650 
NA;NA;NA;20180713;;1.7;-29.74;2,446 ;2,500 ;2,650 
NA;NA;NA;20180714;;1.7;-29.74;;;
NA;NA;NA;20180715;;1.7;-29.74;;;
NA;NA;NA;20180716;;1.7;-29.74;Sin cotización;Sin cotización;Sin cotización
NA;NA;NA;20180717;;1.7;-29.74;2,452 ;2,500 ;2,650 
NA;NA;NA;20180718;;1.7;-29.74;2,404 ;2,464 ;2,608 
NA;NA;NA;20180719;;1.7;-29.74;2,386 ;2,446 ;2,596 
NA;NA;NA;20180720;;1.7;-29.74;2,404 ;2,446 ;2,608 
NA;NA;NA;20180721;;1.7;-29.74;;;
NA;NA;NA;20180722;;1.7;-29.74;;;
NA;NA;NA;20180723;;1.7;-29.74;2,350 ;2,404 ;2,596 
NA;NA;NA;20180724;;1.7;-29.74;2,350 ;2,404 ;2,596 
NA;NA;NA;20180725;;1.7;-29.74;2,350 ;2,404 ;2,596 
NA;NA;NA;20180726;;1.7;-29.74;2,350 ;2,404 ;2,596 
NA;NA;NA;20180727;;1.7;-29.74;Sin cotización;Sin cotización;Sin cotización
NA;NA;NA;20180728;;1.7;-29.74;;;
NA;NA;NA;20180729;;1.7;-29.74;;;
NA;NA;NA;20180730;;1.7;-29.74;2,350 ;2,404 ;2,596 
NA;NA;NA;20180731;;1.7;-29.74;2,350 ;2,404 ;2,596 
NA;NA;NA;20180801;;1.7;-29.74;2,350 ;2,402 ;2,598 
NA;NA;NA;20180802;;1.7;-29.74;2,350 ;2,404 ;2,584 
NA;NA;NA;20180803;;1.7;-29.74;Sin cotización;Sin cotización;Sin cotización
NA;NA;NA;20180804;;1.7;-29.74;;;
NA;NA;NA;20180805;;1.7;-29.74;;;
NA;NA;NA;20180806;;1.7;-29.74;Sin cotización;Sin cotización;Sin cotización
NA;NA;NA;20180807;;1.7;-29.74;Sin cotización;Sin cotización;Sin cotización
NA;NA;NA;20180808;;1.7;-29.74;Sin cotización;Sin cotización;Sin cotización
NA;NA;NA;20180809;;1.7;-29.74;Sin cotización;Sin cotización;Sin cotización
NA;NA;NA;20180810;;1.7;-29.74;Sin cotización;Sin cotización;Sin cotización
NA;NA;NA;20180811;;1.7;-29.74;;;
NA;NA;NA;20180812;;1.7;-29.74;;;
NA;NA;NA;20180813;;1.7;-29.74;Sin cotización;Sin cotización;Sin cotización
NA;NA;NA;20180814;;1.7;-29.74;2,350 ;2,404 ;2,614 
NA;NA;NA;20180815;;1.7;-29.74;;;
NA;NA;NA;20180816;;1.7;-29.74;Sin cotización;Sin cotización;Sin cotización
NA;NA;NA;20180817;;1.7;-29.74;Sin cotización;Sin cotización;Sin cotización
NA;NA;NA;20180818;;1.7;-29.74;;;
NA;NA;NA;20180819;;1.7;-29.74;;;
NA;NA;NA;20180820;;1.7;-29.74;Sin cotización;Sin cotización;Sin cotización
NA;NA;NA;20180821;;1.7;-29.74;Sin cotización;Sin cotización;Sin cotización
NA;NA;NA;20180822;;1.7;-29.74;2,374 ;2,452 ;2,614 
NA;NA;NA;20180823;;1.7;-29.74;Sin cotización;Sin cotización;Sin cotización
NA;NA;NA;20180824;;1.7;-29.74;2,392 ;2,464 ;2,614 
NA;NA;NA;20180825;;1.7;-29.74;;;
NA;NA;NA;20180826;;1.7;-29.74;;;
NA;NA;NA;20180827;;1.7;-29.74;2,422 ;2,464 ;2,626 
NA;NA;NA;20180828;;1.7;-29.74;Sin cotización;Sin cotización;Sin cotización
NA;NA;NA;20180829;;1.7;-29.74;2,452 ;2,494 ;2,644 
NA;NA;NA;20180830;;1.7;-29.74;2,446 ;2,494 ;2,644 
NA;NA;NA;20180831;;1.7;-29.74;2,446 ;2,494 ;2,699 
NA;NA;NA;20180901;;1.7;-29.74;;;
NA;NA;NA;20180902;;1.7;-29.74;;;
NA;NA;NA;20180903;;1.7;-29.74;Sin cotización;Sin cotización;Sin cotización
NA;NA;NA;20180904;;1.7;-29.74;Sin cotización;Sin cotización;Sin cotización
NA;NA;NA;20180905;;1.7;-29.74;2,458 ;2,494 ;2,705 
NA;NA;NA;20180906;;1.7;-29.74;Sin cotización;Sin cotización;Sin cotización
NA;NA;NA;20180907;;1.7;-29.74;2,460 ;2,497 ;2,652 
NA;NA;NA;20180908;;1.7;-29.74;;;
NA;NA;NA;20180909;;1.7;-29.74;;;
NA;NA;NA;20180910;;1.7;-29.74;Sin cotización;Sin cotización;Sin cotización
NA;NA;NA;20180911;;1.7;-29.74;2,464 ;2,494 ;2,675 
NA;NA;NA;20180912;;1.7;-29.74;Sin cotización;Sin cotización;Sin cotización
NA;NA;NA;20180913;;1.7;-29.74;2,458 ;2,494 ;2,656 
NA;NA;NA;20180914;;1.7;-29.74;Sin cotización;Sin cotización;Sin cotización
NA;NA;NA;20180915;;1.7;-29.74;;;
NA;NA;NA;20180916;;1.7;-29.74;;;
NA;NA;NA;20180917;;1.7;-29.74;2,434 ;2,464 ;2,675 
NA;NA;NA;20180918;;1.7;-29.74;2,417 ;2,454 ;2,662 
NA;NA;NA;20180919;;1.7;-29.74;2,423 ;2,460 ;2,662 
NA;NA;NA;20180920;;1.7;-29.74;2,446 ;2,470 ;2,675 
NA;NA;NA;20180921;;1.7;-29.74;2,458 ;2,470 ;2,675 
NA;NA;NA;20180922;;1.7;-29.74;;;
NA;NA;NA;20180923;;1.7;-29.74;;;
NA;NA;NA;20180924;;1.7;-29.74;2,428 ;2,446 ;2,675 
NA;NA;NA;20180925;;1.7;-29.74;Sin cotización;Sin cotización;Sin cotización
NA;NA;NA;20180926;;1.7;-29.74;2,398 ;2,446 ;2,644 
NA;NA;NA;20180927;;1.7;-29.74;2,398 ;2,446 ;2,644 
NA;NA;NA;20180928;;1.7;-29.74;2,398 ;2,446 ;2,644 
NA;NA;NA;20180929;;1.7;-29.74;;;
NA;NA;NA;20180930;;1.7;-29.74;;;
NA;NA;NA;20181001;;1.7;-26.56;Sin cotización;Sin cotización;Sin cotización
NA;NA;NA;20181002;;1.7;-26.56;2,398 ;2,428 ;2,662 
NA;NA;NA;20181003;;1.7;-26.56;Sin cotización;Sin cotización;Sin cotización
NA;NA;NA;20181004;;1.7;-26.56;2,398 ;2,422 ;2,662 
NA;NA;NA;20181005;;1.7;-26.56;2,350 ;2,400 ;2,600 
NA;NA;NA;20181006;;1.7;-26.56;;;
NA;NA;NA;20181007;;1.7;-26.56;;;
NA;NA;NA;20181008;;1.7;-26.56;2,344 ;2,398 ;2,644 
NA;NA;NA;20181009;;1.7;-26.56;Sin cotización;Sin cotización;Sin cotización
NA;NA;NA;20181010;;1.7;-26.56;2,300 ;2,330 ;2,600 
NA;NA;NA;20181011;;1.7;-26.56;Sin cotización;Sin cotización;Sin cotización
NA;NA;NA;20181012;;1.7;-26.56;;;
NA;NA;NA;20181013;;1.7;-26.56;;;
NA;NA;NA;20181014;;1.7;-26.56;;;
NA;NA;NA;20181015;;1.7;-26.56;2,308 ;2,344 ;2,524 
NA;NA;NA;20181016;;1.7;-26.56;2,301 ;2,341 ;2,537 
NA;NA;NA;20181017;;1.7;-26.56;Sin cotización;Sin cotización;Sin cotización
NA;NA;NA;20181018;;1.7;-26.56;;;
NA;NA;NA;20181019;;1.7;-26.56;2,276 ;2,322 ;2,512 
NA;NA;NA;20181020;;1.7;-26.56;;;
NA;NA;NA;20181021;;1.7;-26.56;;;
NA;NA;NA;20181022;;1.7;-26.56;2,290 ;2,332 ;Sin cotización
NA;NA;NA;20181023;;1.7;-26.56;Sin cotización;Sin cotización;Sin cotización
NA;NA;NA;20181024;;1.7;-26.56;2,254 ;2,308 ;Sin cotización
NA;NA;NA;20181025;;1.7;-26.56;2,254 ;2,308 ;2,500 
NA;NA;NA;20181026;;1.7;-26.56;Sin cotización;Sin cotización;Sin cotización
NA;NA;NA;20181027;;1.7;-26.56;;;
NA;NA;NA;20181028;;1.7;-26.56;;;
NA;NA;NA;20181029;;1.7;-26.56;2,248 ;2,296 ;2,500 
NA;NA;NA;20181030;;1.7;-26.56;;;
NA;NA;NA;20181031;;1.7;-26.56;2,267 ;2,322 ;2,503 
NA;NA;NA;20181101;;1.7;-26.56;;;
NA;NA;NA;20181102;;1.7;-26.56;;;
NA;NA;NA;20181103;;1.7;-26.56;;;
NA;NA;NA;20181104;;1.7;-26.56;;;
NA;NA;NA;20181105;;1.7;-26.56;2,326 ;2,404 ;2,650 
NA;NA;NA;20181106;;1.7;-26.56;2,326 ;2,404 ;2,650 
NA;NA;NA;20181107;;1.7;-26.56;Sin cotización;Sin cotización;Sin cotización
NA;NA;NA;20181108;;1.7;-26.56;2,377 ;2,417 ;2,575 
NA;NA;NA;20181109;;1.7;-26.56;2,404 ;2,434 ;2,650 
NA;NA;NA;20181110;;1.7;-26.56;;;
NA;NA;NA;20181111;;1.7;-26.56;;;
NA;NA;NA;20181112;;1.7;-26.56;2,404 ;2,446 ;2,644 
NA;NA;NA;20181113;;1.7;-26.56;Sin cotización;Sin cotización;Sin cotización
NA;NA;NA;20181114;;1.7;-26.56;2,404 ;2,452 ;2,650 
NA;NA;NA;20181115;;1.7;-26.56;2,404 ;2,452 ;2,650 
NA;NA;NA;20181116;;1.7;-26.56;2,404 ;2,452 ;2,662 
NA;NA;NA;20181117;;1.7;-26.56;;;
NA;NA;NA;20181118;;1.7;-26.56;;;
NA;NA;NA;20181119;;1.7;-26.56;Sin cotización;Sin cotización;Sin cotización
NA;NA;NA;20181120;;1.7;-26.56;2,400 ;2,450 ;2,650 
NA;NA;NA;20181121;;1.7;-26.56;2,434 ;2,470 ;2,687 
NA;NA;NA;20181122;;1.7;-26.56;2,434 ;2,476 ;2,656 
NA;NA;NA;20181123;;1.7;-26.56;2,422 ;2,488 ;2,662 
NA;NA;NA;20181124;;1.7;-26.56;;;
NA;NA;NA;20181125;;1.7;-26.56;;;
NA;NA;NA;20181126;;1.7;-26.56;2,434 ;2,494 ;2,662 
NA;NA;NA;20181127;;1.7;-26.56;2,464 ;2,506 ;2,662 
NA;NA;NA;20181128;;1.7;-26.56;2,458 ;2,506 ;2,650 
NA;NA;NA;20181129;;1.7;-26.56;2,446 ;2,494 ;2,650 
NA;NA;NA;20181130;;1.7;-26.56;2,446 ;2,494 ;2,650 
NA;NA;NA;20181201;;1.7;-26.56;;;
NA;NA;NA;20181202;;1.7;-26.56;;;
NA;NA;NA;20181203;;1.7;-26.56;Sin cotización;Sin cotización;Sin cotización
NA;NA;NA;20181204;;1.7;-26.56;2,404 ;2,464 ;2,675 
NA;NA;NA;20181205;;1.7;-26.56;Sin cotización;Sin cotización;Sin cotización
NA;NA;NA;20181206;;1.7;-26.56;;;
NA;NA;NA;20181207;;1.7;-26.56;;;
NA;NA;NA;20181208;;1.7;-26.56;;;
NA;NA;NA;20181209;;1.7;-26.56;;;
NA;NA;NA;20181210;;1.7;-26.56;Sin cotización;Sin cotización;Sin cotización
NA;NA;NA;20181211;;1.7;-26.56;Sin cotización;Sin cotización;Sin cotización
NA;NA;NA;20181212;;1.7;-26.56;2,350 ;2,404 ;Sin cotización
NA;NA;NA;20181213;;1.7;-26.56;2,344 ;2,398 ;Sin cotización
NA;NA;NA;20181214;;1.7;-26.56;2,344 ;2,404 ;2,650 
NA;NA;NA;20181215;;1.7;-26.56;;;
NA;NA;NA;20181216;;1.7;-26.56;;;
NA;NA;NA;20181217;;1.7;-26.56;Sin cotización;Sin cotización;Sin cotización
NA;NA;NA;20181218;;1.7;-26.56;Sin cotización;Sin cotización;Sin cotización
NA;NA;NA;20181219;;1.7;-26.56;2,251 ;2,350 ;2,650 
NA;NA;NA;20181220;;1.7;-26.56;2,251 ;2,400 ;2,625 
NA;NA;NA;20181221;;1.7;-26.56;2,296 ;2,350 ;2,650 
NA;NA;NA;20181222;;1.7;-26.56;;;
NA;NA;NA;20181223;;1.7;-26.56;;;
NA;NA;NA;20181224;;1.7;-26.56;;;
NA;NA;NA;20181225;;1.7;-26.56;;;
NA;NA;NA;20181226;;1.7;-26.56;Sin cotización;Sin cotización;Sin cotización
NA;NA;NA;20181227;;1.7;-26.56;Sin cotización;Sin cotización;Sin cotización
NA;NA;NA;20181228;;1.7;-26.56;2,254 ;2,308 ;2,644 
NA;NA;NA;20181229;;1.7;-26.56;;;
NA;NA;NA;20181230;;1.7;-26.56;;;
NA;NA;NA;20181231;;1.7;-26.56;;;
;;;20190301;-0.4;0.8;-28.12;2,062 ;2,139 ;2,502 
;;;20190302;-0.4;0.8;-28.12;;;
;;;20190303;-0.4;0.8;-28.12;;;
;;;20190304;-0.4;0.8;-28.12;2,001 ;2,102 ;2,477 
;;;20190305;-0.4;0.8;-28.12;2,001 ;2,077 ;2,438 
;;;20190306;-0.4;0.8;-28.12;Sin cotización;Sin cotización;Sin cotización
;;;20190307;-0.4;0.8;-28.12;2,007 ;2,104 ;2,488 
;;;20190308;-0.4;0.8;-28.12;2,007 ;2,104 ;2,488 
;;;20190309;-0.4;0.8;-28.12;;;
;;;20190310;-0.4;0.8;-28.12;;;
;;;20190311;-0.4;0.8;-28.12;Sin cotización;Sin cotización;Sin cotización
;;;20190312;-0.4;0.8;-28.12;1,953 ;2,049 ;2,458 
;;;20190313;-0.4;0.8;-28.12;1,947 ;2,007 ;2,446 
;;;20190314;-0.4;0.8;-28.12;1,927 ;1,976 ;2,398 
;;;20190315;-0.4;0.8;-28.12;1,905 ;1,947 ;2,398 
;;;20190316;-0.4;0.8;-28.12;;;
;;;20190317;-0.4;0.8;-28.12;;;
;;;20190318;-0.4;0.8;-28.12;1,905 ;1,953 ;2,398 
;;;20190319;-0.4;0.8;-28.12;Sin cotización;Sin cotización;Sin cotización
;;;20190320;-0.4;0.8;-28.12;1,899 ;1,947 ;2,356 
;;;20190321;-0.4;0.8;-28.12;1,877 ;1,926 ;2,335 
;;;20190322;-0.4;0.8;-28.12;Sin cotización;Sin cotización;Sin cotización
;;;20190323;-0.4;0.8;-28.12;;;
;;;20190324;-0.4;0.8;-28.12;;;
;;;20190325;-0.4;0.8;-28.12;1,905 ;1,965 ;2,332 
;;;20190326;-0.4;0.8;-28.12;Sin cotización;Sin cotización;Sin cotización
;;;20190327;-0.4;0.8;-28.12;1,953 ;2,007 ;2,356 
;;;20190328;-0.4;0.8;-28.12;Sin cotización;Sin cotización;Sin cotización
;;;20190329;-0.4;0.8;-28.12;1,953 ;2,019 ;2,356 
;;;20190330;-0.4;0.8;-28.12;;;
;;;20190331;-0.4;0.8;-28.12;;;
;;;20190401;0;0.8;-19.2;1,953 ;2,001 ;2,362 
;;;20190402;0;0.8;-19.2;1,950 ;2,047 ;2,381 
;;;20190403;0;0.8;-19.2;1,947 ;2,001 ;2,362 
;;;20190404;0;0.8;-19.2;Sin cotización;Sin cotización;Sin cotización
;;;20190405;0;0.8;-19.2;1,953 ;2,001 ;2,362 
;;;20190406;0;0.8;-19.2;;;
;;;20190407;0;0.8;-19.2;;;
;;;20190408;0;0.8;-19.2;Sin cotización;Sin cotización;Sin cotización
;;;20190409;0;0.8;-19.2;1,905 ;1,953 ;2,362 
;;;20190410;0;0.8;-19.2;1,902 ;1,951 ;2,334 
;;;20190411;0;0.8;-19.2;1,905 ;1,953 ;2,368 
;;;20190412;0;0.8;-19.2;1,929 ;1,983 ;2,350 
;;;20190413;0;0.8;-19.2;;;
;;;20190414;0;0.8;-19.2;;;
;;;20190415;0;0.8;-19.2;1,905 ;1,983 ;2,326 
;;;20190416;0;0.8;-19.2;1,941 ;2,001 ;2,344 
;;;20190417;0;0.8;-19.2;1,941 ;1,983 ;2,344 
;;;20190418;0;0.8;-19.2;;;
;;;20190419;0;0.8;-19.2;;;
;;;20190420;0;0.8;-19.2;;;
;;;20190421;0;0.8;-19.2;;;
;;;20190422;0;0.8;-19.2;Sin cotización;Sin cotización;Sin cotización
;;;20190423;0;0.8;-19.2;1,947 ;2,001 ;2,350 
;;;20190424;0;0.8;-19.2;1,947 ;1,995 ;2,326 
;;;20190425;0;0.8;-19.2;1,905 ;1,953 ;2,284 
;;;20190426;0;0.8;-19.2;1,899 ;1,953 ;2,254 
;;;20190427;0;0.8;-19.2;;;
;;;20190428;0;0.8;-19.2;;;
;;;20190429;0;0.8;-19.2;Sin cotización;Sin cotización;Sin cotización
;;;20190430;0;0.8;-19.2;Sin cotización;Sin cotización;Sin cotización
;;;20190501;0.4;0.8;-19.2;;;
;;;20190502;0.4;0.8;-19.2;1,905 ;1,947 ;2,254 
;;;20190503;0.4;0.8;-19.2;1,905 ;1,947 ;2,254 
;;;20190504;0.4;0.8;-19.2;;;
;;;20190505;0.4;0.8;-19.2;;;
;;;20190506;0.4;0.8;-19.2;Sin cotización;Sin cotización;Sin cotización
;;;20190507;0.4;0.8;-19.2;1,851 ;1,905 ;2,254 
;;;20190508;0.4;0.8;-19.2;1,856 ;1,902 ;2,227 
;;;20190509;0.4;0.8;-19.2;1,893 ;1,941 ;2,254 
;;;20190510;0.4;0.8;-19.2;1,896 ;1,942 ;2,252 
;;;20190511;0.4;0.8;-19.2;;;
;;;20190512;0.4;0.8;-19.2;;;
;;;20190513;0.4;0.8;-19.2;Sin cotización;Sin cotización;Sin cotización
;;;20190514;0.4;0.8;-19.2;Sin cotización;Sin cotización;Sin cotización
;;;20190515;0.4;0.8;-19.2;Sin cotización;Sin cotización;Sin cotización
;;;20190516;0.4;0.8;-19.2;1,803 ;1,851 ;2,254 
;;;20190517;0.4;0.8;-19.2;Sin cotización;Sin cotización;Sin cotización
;;;20190518;0.4;0.8;-19.2;;;
;;;20190519;0.4;0.8;-19.2;;;
;;;20190520;0.4;0.8;-19.2;1,803 ;1,869 ;2,224 
;;;20190521;0.4;0.8;-19.2;1,803 ;1,851 ;2,218 
;;;20190522;0.4;0.8;-19.2;1,785 ;1,845 ;2,159 
;;;20190523;0.4;0.8;-19.2;Sin cotización;Sin cotización;Sin cotización
;;;20190524;0.4;0.8;-19.2;1,773 ;1,821 ;2,104 
;;;20190525;0.4;0.8;-19.2;;;
;;;20190526;0.4;0.8;-19.2;;;
;;;20190527;0.4;0.8;-19.2;Sin cotización;Sin cotización;Sin cotización
;;;20190528;0.4;0.8;-19.2;Sin cotización;Sin cotización;Sin cotización
;;;20190529;0.4;0.8;-19.2;Sin cotización;Sin cotización;Sin cotización
;;;20190530;0.4;0.8;-19.2;Sin cotización;Sin cotización;Sin cotización
;;;20190531;0.4;0.8;-19.2;1,773 ;1,851 ;2,086 
;;;20190601;0.4;0.8;-19.2;;;
;;;20190602;0.4;0.8;-19.2;;;
;;;20190603;0.4;0.8;-19.2;1,773 ;1,863 ;2,086 
;;;20190604;0.4;0.8;-19.2;1,803 ;1,899 ;2,086 
;;;20190605;0.4;0.8;-19.2;1,803 ;1,905 ;2,104 
;;;20190606;0.4;0.8;-19.2;1,851 ;1,905 ;2,140 
;;;20190607;0.4;0.8;-19.2;Sin cotización;Sin cotización;Sin cotización
;;;20190608;0.4;0.8;-19.2;;;
;;;20190609;0.4;0.8;-19.2;;;
;;;20190610;0.4;0.8;-19.2;Sin cotización;Sin cotización;Sin cotización
;;;20190611;0.4;0.8;-19.2;;;
;;;20190612;0.4;0.8;-19.2;Sin cotización;Sin cotización;Sin cotización
;;;20190613;0.4;0.8;-19.2;1,851 ;1,899 ;2,206 
;;;20190614;0.4;0.8;-19.2;Sin cotización;Sin cotización;Sin cotización
;;;20190615;0.4;0.8;-19.2;;;
;;;20190616;0.4;0.8;-19.2;;;
;;;20190617;0.4;0.8;-19.2;1,863 ;1,923 ;2,164 
;;;20190618;0.4;0.8;-19.2;1,875 ;1,941 ;2,164 
;;;20190619;0.4;0.8;-19.2;1,923 ;1,971 ;2,200 
;;;20190620;0.4;0.8;-19.2;1,941 ;1,983 ;2,206 
;;;20190621;0.4;0.8;-19.2;;;
;;;20190622;0.4;0.8;-19.2;;;
;;;20190623;0.4;0.8;-19.2;;;
;;;20190624;0.4;0.8;-19.2;1,953 ;2,001 ;2,206 
;;;20190625;0.4;0.8;-19.2;1,953 ;2,001 ;2,206 
;;;20190626;0.4;0.8;-19.2;1,951 ;2,001 ;2,178 
;;;20190627;0.4;0.8;-19.2;1,953 ;2,001 ;2,206 
;;;20190628;0.4;0.8;-19.2;Sin cotización;Sin cotización;Sin cotización
;;;20190629;0.4;0.8;-19.2;;;
;;;20190630;0.4;0.8;-19.2;;;
;;;20190701;-0.3;0.8;-17.55;Sin cotización;Sin cotización;Sin cotización
;;;20190702;-0.3;0.8;-17.55;Sin cotización;Sin cotización;Sin cotización
;;;20190703;-0.3;0.8;-17.55;2,001 ;2,098 ;2,302 
;;;20190704;-0.3;0.8;-17.55;2,001 ;2,098 ;2,278 
;;;20190705;-0.3;0.8;-17.55;2,025 ;2,098 ;2,230 
;;;20190706;-0.3;0.8;-17.55;;;
;;;20190707;-0.3;0.8;-17.55;;;
;;;20190708;-0.3;0.8;-17.55;Sin cotización;Sin cotización;Sin cotización
;;;20190709;-0.3;0.8;-17.55;2,025 ;2,104 ;2,266 
;;;20190710;-0.3;0.8;-17.55;2,025 ;2,104 ;2,266 
;;;20190711;-0.3;0.8;-17.55;Sin cotización;Sin cotización;Sin cotización
;;;20190712;-0.3;0.8;-17.55;Sin cotización;Sin cotización;Sin cotización
;;;20190713;-0.3;0.8;-17.55;;;
;;;20190714;-0.3;0.8;-17.55;;;
;;;20190715;-0.3;0.8;-17.55;2,025 ;2,104 ;2,284 
;;;20190716;-0.3;0.8;-17.55;2,025 ;2,104 ;2,284 
;;;20190717;-0.3;0.8;-17.55;Sin cotización;Sin cotización;Sin cotización
;;;20190718;-0.3;0.8;-17.55;Sin cotización;Sin cotización;Sin cotización
;;;20190719;-0.3;0.8;-17.55;2,043 ;2,104 ;2,302 
;;;20190720;-0.3;0.8;-17.55;;;
;;;20190721;-0.3;0.8;-17.55;;;
;;;20190722;-0.3;0.8;-17.55;Sin cotización;Sin cotización;Sin cotización
;;;20190723;-0.3;0.8;-17.55;2,007 ;2,104 ;2,302 
;;;20190724;-0.3;0.8;-17.55;2,003 ;2,102 ;2,251 
;;;20190725;-0.3;0.8;-17.55;2,007 ;2,104 ;2,284 
;;;20190726;-0.3;0.8;-17.55;Sin cotización;Sin cotización;Sin cotización
;;;20190727;-0.3;0.8;-17.55;;;
;;;20190728;-0.3;0.8;-17.55;;;
;;;20190729;-0.3;0.8;-17.55;2,001 ;2,104 ;2,296 
;;;20190730;-0.3;0.8;-17.55;2,001 ;2,049 ;2,296 
;;;20190731;-0.3;0.8;-17.55;;;
;;;20190801;0.1;0.8;-17.55;Sin cotización;Sin cotización;Sin cotización
;;;20190802;0.1;0.8;-17.55;Sin cotización;Sin cotización;Sin cotización
;;;20190803;0.1;0.8;-17.55;;;
;;;20190804;0.1;0.8;-17.55;;;
;;;20190805;0.1;0.8;-17.55;Sin cotización;Sin cotización;Sin cotización
;;;20190806;0.1;0.8;-17.55;Sin cotización;Sin cotización;Sin cotización
;;;20190807;0.1;0.8;-17.55;Sin cotización;Sin cotización;Sin cotización
;;;20190808;0.1;0.8;-17.55;Sin cotización;Sin cotización;Sin cotización
;;;20190809;0.1;0.8;-17.55;2,001 ;2,007 ;Sin cotización
;;;20190810;0.1;0.8;-17.55;;;
;;;20190811;0.1;0.8;-17.55;;;
;;;20190812;0.1;0.8;-17.55;Sin cotización;Sin cotización;Sin cotización
;;;20190813;0.1;0.8;-17.55;Sin cotización;Sin cotización;Sin cotización
;;;20190814;0.1;0.8;-17.55;Sin cotización;Sin cotización;Sin cotización
;;;20190815;0.1;0.8;-17.55;;;
;;;20190816;0.1;0.8;-17.55;Sin cotización;Sin cotización;Sin cotización
;;;20190817;0.1;0.8;-17.55;;;
;;;20190818;0.1;0.8;-17.55;;;
;;;20190819;0.1;0.8;-17.55;Sin cotización;Sin cotización;Sin cotización
;;;20190820;0.1;0.8;-17.55;Sin cotización;Sin cotización;Sin cotización
;;;20190821;0.1;0.8;-17.55;Sin cotización;Sin cotización;Sin cotización
;;;20190822;0.1;0.8;-17.55;Sin cotización;Sin cotización;Sin cotización
;;;20190823;0.1;0.8;-17.55;Sin cotización;Sin cotización;Sin cotización
;;;20190824;0.1;0.8;-17.55;;;
;;;20190825;0.1;0.8;-17.55;;;
;;;20190826;0.1;0.8;-17.55;Sin cotización;Sin cotización;Sin cotización
;;;20190827;0.1;0.8;-17.55;Sin cotización;Sin cotización;Sin cotización
;;;20190828;0.1;0.8;-17.55;Sin cotización;Sin cotización;Sin cotización
;;;20190829;0.1;0.8;-17.55;Sin cotización;Sin cotización;Sin cotización
;;;20190830;0.1;0.8;-17.55;;;
;;;20190831;0.1;0.8;-17.55;;;
;;;20190901;-0.1;0.8;-17.55;;;
;;;20190902;-0.1;0.8;-17.55;2,043 ;2,086 ;2,172 
;;;20190903;-0.1;0.8;-17.55;Sin cotización;Sin cotización;Sin cotización
;;;20190904;-0.1;0.8;-17.55;2,043 ;2,086 ;2,172 
;;;20190905;-0.1;0.8;-17.55;2,037 ;2,073 ;2,194 
;;;20190906;-0.1;0.8;-17.55;2,037 ;2,073 ;2,194 
;;;20190907;-0.1;0.8;-17.55;;;
;;;20190908;-0.1;0.8;-17.55;;;
;;;20190909;-0.1;0.8;-17.55;Sin cotización;Sin cotización;Sin cotización
;;;20190910;-0.1;0.8;-17.55;Sin cotización;Sin cotización;Sin cotización
;;;20190911;-0.1;0.8;-17.55;Sin cotización;Sin cotización;Sin cotización
;;;20190912;-0.1;0.8;-17.55;2,001 ;2,055 ;2,152 
;;;20190913;-0.1;0.8;-17.55;2,000 ;2,050 ;2,150 
;;;20190914;-0.1;0.8;-17.55;;;
;;;20190915;-0.1;0.8;-17.55;;;
;;;20190916;-0.1;0.8;-17.55;1,950 ;2,025 ;2,150 
;;;20190917;-0.1;0.8;-17.55;1,950 ;2,025 ;2,120 
;;;20190918;-0.1;0.8;-17.55;1,950 ;1,970 ;2,100 
;;;20190919;-0.1;0.8;-17.55;1,950 ;1,970 ;2,100 
;;;20190920;-0.1;0.8;-17.55;1,900 ;1,950 ;2,070 
;;;20190921;-0.1;0.8;-17.55;;;
;;;20190922;-0.1;0.8;-17.55;;;
;;;20190923;-0.1;0.8;-17.55;Sin cotización;Sin cotización;Sin cotización
;;;20190924;-0.1;0.8;-17.55;1,900 ;1,950 ;2,100 
;;;20190925;-0.1;0.8;-17.55;1,900 ;1,950 ;2,100 
;;;20190926;-0.1;0.8;-17.55;1,910 ;1,950 ;2,150 
;;;20190927;-0.1;0.8;-17.55;1,910 ;1,950 ;2,150 
;;;20190928;-0.1;0.8;-17.55;;;
;;;20190929;-0.1;0.8;-17.55;;;
;;;20190930;-0.1;0.8;-17.55;Sin cotización;Sin cotización;Sin cotización
;;;20191001;1.5;0.8;-22.05;1,950 ;1,970 ;2,070 
;;;20191002;1.5;0.8;-22.05;1,950 ;1,970 ;2,070 
;;;20191003;1.5;0.8;-22.05;Sin cotización;Sin cotización;Sin cotización
;;;20191004;1.5;0.8;-22.05;1,905 ;1,940 ;2,070 
;;;20191005;1.5;0.8;-22.05;;;
;;;20191006;1.5;0.8;-22.05;;;
;;;20191007;1.5;0.8;-22.05;1,900 ;1,950 ;2,070 
;;;20191008;1.5;0.8;-22.05;1,850 ;1,900 ;2,050 
;;;20191009;1.5;0.8;-22.05;1,850 ;1,900 ;2,050 
;;;20191010;1.5;0.8;-22.05;Sin cotización;Sin cotización;Sin cotización
;;;20191011;1.5;0.8;-22.05;1,850 ;1,900 ;2,025 
;;;20191012;1.5;0.8;-22.05;;;
;;;20191013;1.5;0.8;-22.05;;;
;;;20191014;1.5;0.8;-22.05;1,850 ;1,900 ;2,000 
;;;20191015;1.5;0.8;-22.05;1,850 ;1,900 ;2,010 
;;;20191016;1.5;0.8;-22.05;1,850 ;1,900 ;2,010 
;;;20191017;1.5;0.8;-22.05;1,850 ;1,900 ;2,000 
;;;20191018;1.5;0.8;-22.05;;;
;;;20191019;1.5;0.8;-22.05;;;
;;;20191020;1.5;0.8;-22.05;;;
;;;20191021;1.5;0.8;-22.05;1,850 ;1,900 ;2,000 
;;;20191022;1.5;0.8;-22.05;1,850 ;1,900 ;2,000 
;;;20191023;1.5;0.8;-22.05;1,850 ;1,900 ;2,000 
;;;20191024;1.5;0.8;-22.05;1,870 ;1,900 ;2,000 
;;;20191025;1.5;0.8;-22.05;1,870 ;1,900 ;2,050 
;;;20191026;1.5;0.8;-22.05;;;
;;;20191027;1.5;0.8;-22.05;;;
;;;20191028;1.5;0.8;-22.05;Sin cotización;Sin cotización;Sin cotización
;;;20191029;1.5;0.8;-22.05;Sin cotización;Sin cotización;Sin cotización
;;;20191030;1.5;0.8;-22.05;1,850 ;1,900 ;2,020 
;;;20191031;1.5;0.8;-22.05;1,850 ;1,900 ;1,975 
;;;20191101;0;0.8;-22.05;;;
;;;20191102;0;0.8;-22.05;;;
;;;20191103;0;0.8;-22.05;;;
;;;20191104;0;0.8;-22.05;1,850 ;1,900 ;2,000 
;;;20191105;0;0.8;-22.05;1,850 ;1,900 ;2,000 
;;;20191106;0;0.8;-22.05;1,850 ;1,900 ;2,000 
;;;20191107;0;0.8;-22.05;1,850 ;1,900 ;2,000 
;;;20191108;0;0.8;-22.05;1,850 ;1,900 ;2,000 
;;;20191109;0;0.8;-22.05;;;
;;;20191110;0;0.8;-22.05;;;
;;;20191111;0;0.8;-22.05;1,850 ;1,900 ;2,000 
;;;20191112;0;0.8;-22.05;1,850 ;1,900 ;2,000 
;;;20191113;0;0.8;-22.05;1,850 ;1,900 ;Sin cotización
;;;20191114;0;0.8;-22.05;1,850 ;1,900 ;2,000 
;;;20191115;0;0.8;-22.05;Sin cotización;Sin cotización;Sin cotización
;;;20191116;0;0.8;-22.05;;;
;;;20191117;0;0.8;-22.05;;;
;;;20191118;0;0.8;-22.05;1,850 ;1,900 ;2,000 
;;;20191119;0;0.8;-22.05;1,800 ;1,850 ;2,050 
;;;20191120;0;0.8;-22.05;Sin cotización;Sin cotización;Sin cotización
;;;20191121;0;0.8;-22.05;Sin cotización;Sin cotización;Sin cotización
;;;20191122;0;0.8;-22.05;1,850 ;1,900 ;1,975 
;;;20191123;0;0.8;-22.05;;;
;;;20191124;0;0.8;-22.05;;;
;;;20191125;0;0.8;-22.05;Sin cotización;Sin cotización;Sin cotización
;;;20191126;0;0.8;-22.05;1,850 ;1,900 ;2,000 
;;;20191127;0;0.8;-22.05;1,850 ;1,900 ;2,000 
;;;20191128;0;0.8;-22.05;1,840 ;1,900 ;2,000 
;;;20191129;0;0.8;-22.05;1,850 ;1,900 ;2,000 
;;;20191130;0;0.8;-22.05;;;
;;;20191201;-0.2;0.8;-22.05;;;
;;;20191202;-0.2;0.8;-22.05;1,830 ;1,870 ;2,000 
;;;20191203;-0.2;0.8;-22.05;1,820 ;1,860 ;1,950 
;;;20191204;-0.2;0.8;-22.05;Sin cotización;Sin cotización;Sin cotización
;;;20191205;-0.2;0.8;-22.05;1,795 ;1,835 ;1,950 
;;;20191206;-0.2;0.8;-22.05;;;
;;;20191207;-0.2;0.8;-22.05;;;
;;;20191208;-0.2;0.8;-22.05;;;
;;;20191209;-0.2;0.8;-22.05;;;
;;;20191210;-0.2;0.8;-22.05;1,750 ;1,800 ;1,900 
;;;20191211;-0.2;0.8;-22.05;1,750 ;1,800 ;1,975 
;;;20191212;-0.2;0.8;-22.05;1,730 ;1,800 ;1,950 
;;;20191213;-0.2;0.8;-22.05;1,700 ;1,750 ;1,950 
;;;20191214;-0.2;0.8;-22.05;;;
;;;20191215;-0.2;0.8;-22.05;;;
;;;20191216;-0.2;0.8;-22.05;1,700 ;1,750 ;1,950 
;;;20191217;-0.2;0.8;-22.05;1,700 ;1,750 ;1,950 
;;;20191218;-0.2;0.8;-22.05;1,700 ;1,750 ;1,950 
;;;20191219;-0.2;0.8;-22.05;1,700 ;1,750 ;1,950 
;;;20191220;-0.2;0.8;-22.05;Sin cotización;Sin cotización;Sin cotización
;;;20191221;-0.2;0.8;-22.05;;;
;;;20191222;-0.2;0.8;-22.05;;;
;;;20191223;-0.2;0.8;-22.05;1,700 ;1,750 ;1,950 
;;;20191224;-0.2;0.8;-22.05;;;
;;;20191225;-0.2;0.8;-22.05;;;
;;;20191226;-0.2;0.8;-22.05;1,700 ;1,750 ;1,950 
;;;20191227;-0.2;0.8;-22.05;1,700 ;1,750 ;1,950 
;;;20191228;-0.2;0.8;-22.05;;;
;;;20191229;-0.2;0.8;-22.05;;;
;;;20191230;-0.2;0.8;-22.05;1,700 ;1,750 ;2,000 
;;;20191231;-0.2;0.8;-22.05;;;
;;;20190101;;0.8;-28.12;;;
;;;20190102;;0.8;-28.12;2,254 ;2,302 ;2,644 
;;;20190103;;0.8;-28.12;2,227 ;2,276 ;2,572 
;;;20190104;;0.8;-28.12;2,224 ;2,278 ;2,602 
;;;20190105;;0.8;-28.12;;;
;;;20190106;;0.8;-28.12;;;
;;;20190107;;0.8;-28.12;;;
;;;20190108;;0.8;-28.12;Sin cotización;Sin cotización;Sin cotización
;;;20190109;;0.8;-28.12;2,206 ;2,296 ;2,584 
;;;20190110;;0.8;-28.12;2,206 ;2,266 ;2,554 
;;;20190111;;0.8;-28.12;2,200 ;2,254 ;2,548 
;;;20190112;;0.8;-28.12;;;
;;;20190113;;0.8;-28.12;;;
;;;20190114;;0.8;-28.12;Sin cotización;Sin cotización;Sin cotización
;;;20190115;;0.8;-28.12;Sin cotización;Sin cotización;Sin cotización
;;;20190116;;0.8;-28.12;2,158 ;2,200 ;2,602 
;;;20190117;;0.8;-28.12;2,166 ;2,215 ;2,576 
;;;20190118;;0.8;-28.12;Sin cotización;Sin cotización;Sin cotización
;;;20190119;;0.8;-28.12;;;
;;;20190120;;0.8;-28.12;;;
;;;20190121;;0.8;-28.12;2,194 ;2,242 ;2,554 
;;;20190122;;0.8;-28.12;Sin cotización;Sin cotización;Sin cotización
;;;20190123;;0.8;-28.12;2,200 ;2,248 ;2,554 
;;;20190124;;0.8;-28.12;2,200 ;2,248 ;2,554 
;;;20190125;;0.8;-28.12;Sin cotización;Sin cotización;Sin cotización
;;;20190126;;0.8;-28.12;;;
;;;20190127;;0.8;-28.12;;;
;;;20190128;;0.8;-28.12;Sin cotización;Sin cotización;Sin cotización
;;;20190129;;0.8;-28.12;;;
;;;20190130;;0.8;-28.12;2,200 ;2,248 ;2,554 
;;;20190131;;0.8;-28.12;2,203 ;2,246 ;2,508 
;;;20190201;;0.8;-28.12;Sin cotización;Sin cotización;Sin cotización
;;;20190202;;0.8;-28.12;;;
;;;20190203;;0.8;-28.12;;;
;;;20190204;;0.8;-28.12;2,206 ;2,248 ;2,602 
;;;20190205;;0.8;-28.12;2,206 ;2,254 ;2,602 
;;;20190206;;0.8;-28.12;Sin cotización;Sin cotización;Sin cotización
;;;20190207;;0.8;-28.12;2,224 ;2,273 ;2,551 
;;;20190208;;0.8;-28.12;2,212 ;2,258 ;2,551 
;;;20190209;;0.8;-28.12;;;
;;;20190210;;0.8;-28.12;;;
;;;20190211;;0.8;-28.12;Sin cotización;Sin cotización;Sin cotización
;;;20190212;;0.8;-28.12;2,194 ;2,248 ;2,554 
;;;20190213;;0.8;-28.12;2,194 ;2,248 ;2,554 
;;;20190214;;0.8;-28.12;2,172 ;2,224 ;2,527 
;;;20190215;;0.8;-28.12;Sin cotización;Sin cotización;Sin cotización
;;;20190216;;0.8;-28.12;;;
;;;20190217;;0.8;-28.12;;;
;;;20190218;;0.8;-28.12;Sin cotización;Sin cotización;Sin cotización
;;;20190219;;0.8;-28.12;2,122 ;2,206 ;2,554 
;;;20190220;;0.8;-28.12;2,122 ;2,194 ;2,554 
;;;20190221;;0.8;-28.12;Sin cotización;Sin cotización;Sin cotización
;;;20190222;;0.8;-28.12;2,104 ;2,182 ;2,554 
;;;20190223;;0.8;-28.12;;;
;;;20190224;;0.8;-28.12;;;
;;;20190225;;0.8;-28.12;2,104 ;2,158 ;2,554 
;;;20190226;;0.8;-28.12;2,073 ;2,140 ;2,554 
;;;20190227;;0.8;-28.12;2,073 ;2,128 ;2,554 
;;;20190228;;0.8;-28.12;;;
